Producto,Precio,URL,Calif,No_Calif,1 estrella,2 estrellas,3 estrellas,4 estrellas,5 estrellas
2 Piezas Juguete para Perro EN Forma DE Pelota DISPENSADOR DE PREMIOS CROQUETAS Juguete Resistente DE 5.08 CM,173.00,https://www.amazon.com.mx/Juguete-DISPENSADOR-PREMIOS-CROQUETAS-Resistente/dp/B09YG3QS1D,N/A,N/A,0%,0%,0%,0%,0%
"Cielo Meraviglioso Juguetes para perros – Juguete creativo de peluche con caja de anillo, juguetes de peluche chirriantes para perros pequeños, juguetes masticables para cachorros, regalo interactivo de peluche sorpresa de cumpleaños",305.30,https://www.amazon.com.mx/Cielo-Meraviglioso-Juguetes-para-perros/dp/B0B8RMVKH2,N/A,N/A,0%,0%,0%,0%,0%
2 Piezas Juguete para Perro EN Forma DE Hueso con Sonido Que DISPENSA CROQUETAS PREMIOSJUGUETE Resistente DE 16 CM,229.00,https://www.amazon.com.mx/Juguete-DISPENSA-CROQUETAS-PREMIOSJUGUETE-Resistente/dp/B09XSVTQBT,N/A,N/A,0%,0%,0%,0%,0%
KONG Mapache con Cuerda Interior Chico,279.00,https://www.amazon.com.mx/KONG-Mapache-Cuerda-Interior-Chico/dp/B00PGONSJU,3.9 de 5,16 calificaciones globales,16%,0%,10%,20%,53%
Arm & Hammer para Mascotas Super Treadz Mini Gator Dental Chew Juguete para Perros – Mejor Juguete Dental para Masticar Perro – Juguetes para Masticar para Perros de hasta 25 Libras,147.89,https://www.amazon.com.mx/Arm-Hammer-Treadz-Chewers-Infused/dp/B0812JYXQY,3.7 de 5,"1,271 calificaciones globales",13%,9%,16%,16%,46%
Kong pelota squeezz crackle ball grande,158.69,https://www.amazon.com.mx/Kong-pelota-squeezz-crackle-grande/dp/B00R2Q2R9W,3.9 de 5,"1,355 calificaciones globales",15%,4%,10%,14%,56%
"2 Piezas Juguete para Perro, Pelota para Perro DISPENSA CROQUETAS PREMIOS 7.7 CM. Pelota Resistente",193.00,https://www.amazon.com.mx/Juguete-DISPENSA-CROQUETAS-PREMIOS-Resistente/dp/B09XSJ5R59,N/A,N/A,0%,0%,0%,0%,0%
"Chuckit! Fetch Medley - Pelotas de Golf (3 Unidades), Multicolor, Medium, 2.5-Inch, 3-Pack",438.45,https://www.amazon.com.mx/Canine-Hardware-Chuckit-Multicolor-2-5-Inch/dp/B002TLTZD6,4.8 de 5,"8,507 calificaciones globales",1%,1%,3%,8%,88%
"Geekipro Juguete Masticable para Perros, Juguete de Caucho Natural Duradero para Perros, Juguete de Huevo de Dinosaurio para Masticar Y Limpiar Los Dientes, Adecuado para Perros Pequeños / Medianos, Verde",259.00,https://www.amazon.com.mx/Geekipro-Masticable-Duradero-Dinosaurio-Masticar/dp/B09K7BMQXW,3.2 de 5,28 calificaciones globales,24%,9%,18%,25%,25%
"GARCIAS Pelota de juguete de látex, juguetes chirriantes para perros, divertida interacción vocal para mascotas, resistente al agua, duradero, juguete para masticar, herramienta de limpieza de dientes",99.99,https://www.amazon.com.mx/GARCIAS-chirriantes-interacci%C3%B3n-resistente-herramienta/dp/B0B1V2KP2P,N/A,N/A,0%,0%,0%,0%,0%
3 Piezas Juguete para Perro EN Forma DE Pelota DISPENSADOR DE PREMIOS CROQUETAS Juguete Resistente DE 7.62 CM,300.00,https://www.amazon.com.mx/Juguete-DISPENSADOR-PREMIOS-CROQUETAS-Resistente/dp/B09Z17JBH9,N/A,N/A,0%,0%,0%,0%,0%
KONG Juguete Pelota Dura Twistz Grande para Perro,215.00,https://www.amazon.com.mx/KONG-Juguete-Pelota-Twistz-Grande/dp/B08FHFG35P,4.5 de 5,50 calificaciones globales,5%,0%,9%,17%,69%
"Chuckit! DO817020 Pelota Ultra, talla chica, 2 Piezas, Colores Surtidos",189.00,https://www.amazon.com.mx/Chuckit-DO817020-Pelota-Colores-Surtidos/dp/B00280MUVC,4.7 de 5,"11,060 calificaciones globales",2%,1%,4%,9%,84%
"2 Piezas Juguete para Perro, Pelota para Perro DISPENSA PREMIOS CROQUETAS 8.5 CM Pelota Resistente",253.00,https://www.amazon.com.mx/Juguete-DISPENSA-PREMIOS-CROQUETAS-Resistente/dp/B09XTPG8W6,N/A,N/A,0%,0%,0%,0%,0%
Outward Hound Nina Ottosson Puppy Tornado Juguete Interactivo para Perros,567.95,https://www.amazon.com.mx/Outward-Hound-Ottosson-Tornado-Puzzle/dp/B087DNRV39,4.4 de 5,"15,869 calificaciones globales",4%,4%,9%,16%,68%
"Nickelodeon for Pets Rocko's Modern Life - Juguete para Perro Peluche (9 Pulgadas), Color Gris, Azul y Morado",$192.87,https://www.amazon.com.mx/Nickelodeon-Pets-Rockos-Modern-Life/dp/B08MHQHM9H,4.6 de 5,275 calificaciones globales,3%,2%,4%,11%,80%
KONG Juguete para Perro Sharkers Honkers Pato Small,253.88,https://www.amazon.com.mx/KONG-Peluche-Pato-Juguete-Perro/dp/B07NHMJ21N,4.4 de 5,366 calificaciones globales,5%,4%,8%,13%,70%
Chuckit! Ultra Fetch Stick Dog Toy,218.54,https://www.amazon.com.mx/Chuckit-Ultra-Fetch-Stick-Dog/dp/B07SK3R2C3,4.5 de 5,"3,838 calificaciones globales",4%,3%,7%,11%,75%
"2 Piezas Bolas rebotadoras de goma y dispensador de croquetas para mascotas como perros y gatos. Mascota De toy. Ideal para la higiene dental y el cuidado de su perro o gato (una amarillo + una azul) (una amarillo + una azul, 5CM)",149.00,https://www.amazon.com.mx/rebotadoras-dispensador-croquetas-mascotas-amarillo/dp/B09K35X6RW,4 de 5,25 calificaciones globales,6%,13%,14%,10%,57%
"KONG Juguete para Perro con Forma de Pelota, pequeña, roja",165.46,https://www.amazon.com.mx/KONG-Juguete-Perro-Pelota-peque%C3%B1a/dp/B0002DHOJU,4.7 de 5,"2,137 calificaciones globales",2%,2%,4%,12%,80%
"Juguete Para Perro, Marca Nylabone Hueso Power Chew Anillo Con Textura",106.99,https://www.amazon.com.mx/Juguete-Perro-Nylabone-Anillo-Textura/dp/B0052SP8JS,4.3 de 5,"1,833 calificaciones globales",7%,4%,10%,14%,66%
KONG Zorro Cozie Pocketz con 2 Pelotas Chico,284.84,https://www.amazon.com.mx/KONG-Zorro-Cozie-Pocketz-Pelotas/dp/B09KHGGMKL,N/A,N/A,0%,0%,0%,0%,0%
"Chiwava 3 Paquetes 2,8 Pulgadas Juguete de látex para Perro chillón Bolas de Cara Sonriente Juego Interactivo de búsqueda para Perros pequeños y medianos",198.00,https://www.amazon.com.mx/Chiwava-Paquetes-Pulgadas-Sonriente-Interactivo/dp/B0936KDLYV,4.4 de 5,955 calificaciones globales,6%,4%,6%,13%,71%
Geekipro 2PCS Juguete de Cuerda para Perros Agresivos Masticadores de Cuerda Resistente Juguetes para Perros Grandes y Medianos. Juguete de Limpieza de Dientes. 23.6 Pulgada y 3 Nudos 34.6 Pulgada y 5 Nudos,399.00,https://www.amazon.com.mx/Geekipro-Agresivos-Masticadores-Resistente-Medianos/dp/B09WHBS2CQ,5 de 5,5 calificaciones globales,0%,0%,0%,0%,100%
"goDog Just for Me Bruto Dino with Chew Guard Technology Mini Plush Dog Toy, Purple",160.58,https://www.amazon.com.mx/goDog-Bruto-Guard-Technology-Purple/dp/B00MEK7WLY,4.4 de 5,"5,930 calificaciones globales",6%,3%,6%,11%,73%
"ENVR Juguetes Squeaky Chirriante para Mascotas, Juguetes de Peluche Sin Relleno para Perros, Juguetes Interactivos Lindos y Suaves de Algodón para Cachorros, Ideal para Morder Y Jugar, Lavable Duradero, Juguetes para Mascotas Chicos Medianos (Pingüino)",179.00,https://www.amazon.com.mx/ENVR-Juguetes-Chirriante-Interactivos-Cachorros/dp/B09SYST5NM,5 de 5,5 calificaciones globales,0%,0%,0%,0%,100%
PETS&MORE Lanza Pelotas Morado,109.00,https://www.amazon.com.mx/PETS-MORE-Lanza-Pelotas-Morado/dp/B08HJQ5GJ3,3.9 de 5,4 calificaciones globales,29%,0%,0%,0%,71%
Fancy Pets Bola de Cuerda con Jaladera para Perro Multicolor Tamaño 43 Centímetros,148.00,https://www.amazon.com.mx/Cuerda-Jaladera-Multicolor-Tama%C3%B1o-Cent%C3%ADmetros/dp/B01522MC74,4.4 de 5,95 calificaciones globales,4%,3%,8%,18%,67%
"Kong Squeezz Crackle Bone, Multicolor, Grande",198.47,https://www.amazon.com.mx/KONG-Squeezz-Crackle-Multicolor-Grande/dp/B00R2Q24VI,4 de 5,525 calificaciones globales,14%,6%,8%,10%,62%
"Juguete para Perro, Pelota para Perro DISPENSA PREMIOS CROQUETAS 8.5 CM Pelota Resistente",152.00,https://www.amazon.com.mx/Juguete-Pelota-DISPENSA-PREMIOS-Resistente/dp/B098TXNBKQ,5 de 5,4 calificaciones globales,0%,0%,0%,0%,100%
"Juguete para masticar para perros agresivos, diseño de estrella de mar, juguetes flotantes para cachorros de goma natural, duradero, limpieza de dientes de perro, juguete para perros pequeños y medianos (azul)",289.77,https://www.amazon.com.mx/masticar-agresivos-estrella-flotantes-cachorros/dp/B08V58FSHG,4.1 de 5,37 calificaciones globales,7%,10%,7%,18%,59%
"Multipet's -Jueguete para Perro en Froma de Cerdo, Látex, 9 pulgadas, colores varios",282.79,https://www.amazon.com.mx/Multipets-Jueguete-pulgadas-colores-varios/dp/B002Z5I2AI,4.4 de 5,"9,626 calificaciones globales",5%,4%,6%,12%,73%
"Kong Stuffed Wiggi Jirafa, Chico",244.20,https://www.amazon.com.mx/KONG-Stuffed-Wiggi-Jirafa-Chico/dp/B01ND1RD7V,4 de 5,49 calificaciones globales,13%,7%,7%,7%,66%
Tuffy Jr Barnyard Rabbit White,535.64,https://www.amazon.com.mx/Tuffy-Jr-Barnyard-Rabbit-White/dp/B00I9Y36D2,N/A,N/A,0%,0%,0%,0%,0%
"Fastpet Pelotas de Goma para Mascotas 2 Pack para Perros pequeños, medianos y Grandes, Pelota de Entrenamiento, Limpieza y Cuidado Dental, para Poner premios. (Grande)",199.99,https://www.amazon.com.mx/Fastpet-Mascotas-peque%C3%B1os-medianos-Entrenamiento/dp/B09WHSZC62,4.7 de 5,21 calificaciones globales,0%,6%,6%,0%,87%
Fancy Pets Hueso Bambú Plus Juguete para Morder Sabor Carne para Perro Tamaño Mediano Color Café,115.20,https://www.amazon.com.mx/Fancy-Pets-Juguete-Morder-Mediano/dp/B091HXWWYQ,4.9 de 5,10 calificaciones globales,0%,0%,0%,14%,86%
"Rompecabezas de perros para perros inteligentes, enriquecimiento mental y estimulación del cerebro, alimentador interactivo avanzado para cachorros para mantener el aburrimiento y el perro activo ocupado, dispensador de golosinas para cachorros [extragrande]",562.97,https://www.amazon.com.mx/Rompecabezas-inteligentes-enriquecimiento-estimulaci%C3%B3n-aburrimiento/dp/B09N2BD8JY,4.1 de 5,56 calificaciones globales,9%,3%,11%,21%,56%
"KONG Interactive Extreme Toy, Color Negro, Grande",439.00,https://www.amazon.com.mx/KONG-Extreme-Juguete-Perro-Large/dp/B0002AR0II,4.8 de 5,"26,455 calificaciones globales",1%,1%,4%,9%,85%
"Geekipro Juguete de Cuerda para Perros, 9 Paquetes-juguete Masticable para La Dentición del Cachorro de Algodón, Juguetes para Masticar Perros Grandes, Juguetes para Masticar Perros y Limpieza de Dientes, para Perros Medianos y Grandes",499.00,https://www.amazon.com.mx/Geekipro-Paquetes-juguete-Masticable-Dentici%C3%B3n-Cachorro/dp/B09L7W53CV,4.4 de 5,41 calificaciones globales,4%,4%,12%,14%,67%
"Jolly Pets Pelota de fútbol Grande Flotante para Perro, Juguete de 8 Pulgadas de diámetro, Azul océano",450.65,https://www.amazon.com.mx/Jolly-Pets-Flotante-Pulgadas-di%C3%A1metro/dp/B01EMSVVAI,4.6 de 5,"11,125 calificaciones globales",3%,2%,5%,11%,79%
"Bob Esponja Squarepants para Mascotas Nickelodeon Bob Esponja Squarepants Patrick Figura Peluche Perro Juguete Gary el Caracol, 6 Pulgadas (FF14775)",134.52,https://www.amazon.com.mx/Squarepants-Mascotas-Nickelodeon-Pulgadas-FF14775/dp/B08MH8VH23,4.5 de 5,45 calificaciones globales,0%,4%,13%,11%,73%
"Cepillo de dientes para perros, forma de cactus,cuidado dental, juguete para masticar para perros, palo de limpieza de dientes,cepillo de dientes de perro, juguete de limpieza con ventosa para mascotas pequeñas, medianas y grandes, cachorros y perros (Verde)",179.00,https://www.amazon.com.mx/masticar-limpieza-mascotas-peque%C3%B1as-cachorros/dp/B096NQMFGT,4.7 de 5,7 calificaciones globales,0%,0%,0%,32%,68%
"Hartz Juguete para Perro Nature's, Pato, Colores Surtidos",182.40,https://www.amazon.com.mx/Hartz-Juguete-Natures-Colores-Surtidos/dp/B000HHM3V0,3.9 de 5,"2,170 calificaciones globales",12%,7%,12%,14%,55%
KONG Zorro Cozie Pocketz con 2 Pelotas Mediano,339.47,https://www.amazon.com.mx/KONG-Zorro-Pocketz-Pelotas-Mediano/dp/B09KHFR8BF,N/A,N/A,0%,0%,0%,0%,0%
"Juguetes Interactivos de Peluche para Olfatear, Juguete Dispensador de Comida para Perro en Forma de Pato con Espacio para Esconder Croquetas y Premios, Juguetes para Perro de Razas Grande, Medianos y Pequeños, Juegos para Liberación de Estrés y Contra Aburrimiento",305.00,https://www.amazon.com.mx/Interactivos-Dispensador-Croquetas-Liberaci%C3%B3n-Aburrimiento/dp/B0B3GCFG69,N/A,N/A,0%,0%,0%,0%,0%
4BF Pelota de Hule Natural con Bordes Estimulantes Bumpy Ball para Perro Varios Colores (Verde con Puntos),229.00,https://www.amazon.com.mx/4BF-Pelota-Natural-Estimulantes-Colores/dp/B09N5P59S6,4.7 de 5,86 calificaciones globales,2%,0%,7%,8%,83%
"Chiwava 3 piezas 3.1'' Set de Juguete de Elefante y Vaca, Juego Interactivo para Perros Pequeños Surtidos en Diferentes Colores",198.00,https://www.amazon.com.mx/Chiwava-Cachorro-Elefante-Interactivo-Aleatorio/dp/B07Y7SZ3PL,4.6 de 5,"1,249 calificaciones globales",3%,3%,5%,10%,80%
Aspen Pet Plush Medium Carrot,113.33,https://www.amazon.com.mx/Aspen-Pet-Plush-Medium-Carrot/dp/B000RIBC1G,4.4 de 5,"2,678 calificaciones globales",4%,4%,7%,13%,72%
"Juguete para perro con cuerda,Juguete de cuerda de peluche para mascotas duradero, juguete para masticar cachorro suave compañero de perros, juguetes de entrenamiento interactivos para mascotas pequeñas y medianas",129.00,https://www.amazon.com.mx/mascotas-duradero-compa%C3%B1ero-entrenamiento-interactivos/dp/B09P4NFQ7Q,2.4 de 5,4 calificaciones globales,28%,31%,31%,0%,11%
Fancy Pets Juguete Pelota Prisma para Perro con SonidoTamaño Grande,94.41,https://www.amazon.com.mx/Fancy-Pets-Juguete-Pelota-SonidoTama%C3%B1o/dp/B08FF1TTLS,4.3 de 5,41 calificaciones globales,6%,7%,0%,21%,66%
Fancy Pets Juguete Pelota Tamaño Chica de Tenis Bicolor con Squeaker para Perro con 3 Piezas,72.01,https://www.amazon.com.mx/Fancy-Pets-Juguete-Bicolor-Squeaker/dp/B0825BNF5R,4.6 de 5,81 calificaciones globales,0%,2%,11%,12%,75%
"BARKYS Hueso 4""-5"" Triple Chew, Sabor Natural, Tocino y Pollo 3 Piezas",62.00,https://www.amazon.com.mx/BARKYS-Triple-Natural-Tocino-Piezas/dp/B099Y44BZG,4.7 de 5,26 calificaciones globales,0%,0%,0%,32%,68%
KONG Wubba Weaves - Large (Assorted Colors),295.35,https://www.amazon.com.mx/KONG-Wubba-Weave-Assorted-Large/dp/B00GIUI5AI,4.2 de 5,"1,110 calificaciones globales",7%,7%,9%,13%,65%
"Chuckit! Ultra Squeaker Ball, Multicolor, Medium, 1-Pack",206.62,https://www.amazon.com.mx/Chuckit-Squeaker-Multicolor-Medium-1-Pack/dp/B00UNLOWK0,4.7 de 5,"3,763 calificaciones globales",2%,2%,3%,14%,80%
"Squishy Face Studio Flirt Pole V2 con señuelo, Juguete Duradero para Perro para Entrenamiento y Ejercicio Divertido, teñido de Arco Iris, Regular – 36 Pulgadas",567.20,https://www.amazon.com.mx/Squishy-Face-Studio-Flirt-se%C3%B1uelo/dp/B085B1RT6S,4.6 de 5,150 calificaciones globales,3%,3%,6%,9%,79%
"Chuckit! Bola de Rebote Mediana de 2.5 Pulgadas, Paquete de 2, Azules y morados (20320)",225.35,https://www.amazon.com.mx/Chuckit-Mediana-Pulgadas-Paquete-20320/dp/B002KM9HOQ,4.8 de 5,"4,448 calificaciones globales",0%,1%,3%,9%,87%
"Caracol Interactivo Rompecabezas Chillon, Juguete Masticable de Peluche para Perro con Cuencos para Esconder Comida y Premios, Juguetes para Perro de Razas Grande, Medianos y Pequeños, Entrenamiento de Instinto, Juegos para Liberación de Estrés y Contra Aburrimiento",305.00,https://www.amazon.com.mx/Interactivo-Rompecabezas-Masticable-Entrenamiento-Aburrimiento/dp/B0B3FZSBCC,N/A,N/A,0%,0%,0%,0%,0%
"Juguetes Chirriantes para Perro, Juguetes Chillones para Perros, Juguetes de Peluche para Perros, Juguetes para Mascota, Interactivo, Masticar y Jugar, Juguetes sonoros para Perros, Lavable Duradero，Mapache",129.00,https://www.amazon.com.mx/Juguetes-Chirriantes-Chillones-Interactivo-Duradero%EF%BC%8CMapache/dp/B09SLGBNHH,N/A,N/A,0%,0%,0%,0%,0%
Chuckit! Paraflight Flyer - Juguete de Frisbee para Perro Flota en el Agua; Suave con los Dientes y Las encías del Perro; Brilla en la Oscuridad; Grande,342.87,https://www.amazon.com.mx/Chuckit-Paraflight-Dog-Glow-Large/dp/B00QT4GXWA,4.5 de 5,"2,360 calificaciones globales",4%,4%,7%,14%,71%
"petsafe Busy Buddy Tug-A-Jug Meal Dispensing Dog Toy, Small",246.89,https://www.amazon.com.mx/petsafe-Busy-Buddy-Dispensing-Small/dp/B000KV61FC,3.8 de 5,"1,456 calificaciones globales",11%,8%,16%,16%,49%
"KONG XB1 Crema de Cacahuate para Perros, Multicolor",229.00,https://www.amazon.com.mx/KONG-Crema-Cacahuate-para-Perros/dp/B003JVBQ6Y,4.5 de 5,346 calificaciones globales,4%,1%,7%,20%,68%
Fancy Pets Xtreme Juguete Bola para Perro Tamaño Mediana,184.50,https://www.amazon.com.mx/Fancy-Pets-Juguete-Extreme-Mediano/dp/B07MMFHD25,4.7 de 5,120 calificaciones globales,1%,0%,4%,18%,76%
"Geekipro Juguete Masticable para Perros, Pelota para Perros Antimordeduras de Alta Resistencia, Hecha de Material de Caucho TPU, Pelota de Juguete para Entrenamiento de Mascotas. Naranja Rojo",269.00,https://www.amazon.com.mx/Geekipro-Masticable-Antimordeduras-Resistencia-Entrenamiento/dp/B09NBFCPNK,4.8 de 5,5 calificaciones globales,0%,0%,0%,25%,75%
"Juguetes de peluche para perro, juguete interactivo para masticar pulpo, sin relleno, con papel arrugado, para perros pequeños a medianos y grandes, color naranja",157.99,https://www.amazon.com.mx/Juguete-interactivo-arrugado-peque%C3%B1os-medianos/dp/B095GSD41F,4.5 de 5,18 calificaciones globales,0%,0%,16%,18%,66%
"Fancy Pets Juguete de Engranes para Perro, Varios Colores",49.00,https://www.amazon.com.mx/Fancy-Pets-Juguete-Caucho-Engranes/dp/B07NW92CXY,3.8 de 5,286 calificaciones globales,13%,8%,15%,15%,48%
"Fastpet Juguete Masticador con Sonido para Perro y Mascotas para Limpiar Dientes de Mascota. Cepillo de Palo de Dientes de Perro de Limpieza Profunda para animales. Resistente Casi Indestructible, Seguro y No Tóxico para Cachorros Medianos y Perros Grandes. Limpiador Dental Canino de Caucho Premium.",269.99,https://www.amazon.com.mx/Fastpet-Mascotas-animales-Resistente-Cachorros/dp/B08DVFKZ6C,4.4 de 5,125 calificaciones globales,4%,6%,8%,16%,67%
Chuckit! Rope Fetch Dog Toy,421.86,https://www.amazon.com.mx/Chuckit-32220-CHUCKIT-Rope-Fetch/dp/B07FYG8YCS,4.4 de 5,844 calificaciones globales,4%,4%,9%,12%,70%
"Arm & Hammer Nubbies Dental Toys DuoBone - Juguete dental para masticar perros | El mejor juguete para masticar perros para los masticadores moderados | Reduce la acumulación de placa y sarro sin cepillar, sabor a pollo (FF6299)",140.23,https://www.amazon.com.mx/Arm-Hammer-Ora-Play-Dental-Bone/dp/B01H4B9Q66,4.2 de 5,"8,715 calificaciones globales",4%,5%,13%,19%,59%
"Sungrow Pelota De Juguete Interactiva, Alimentador Lento Y Divertido, Dispensador De Alimentos, Previene La Obesidad, Mejora La Digestión, Relación Más Fuerte Entre Padres Y Perros, Estimulación Física Y Fácil De Limpiar",161.00,https://www.amazon.com.mx/Interactiva-Alimentador-Divertido-Dispensador-Estimulaci%C3%B3n/dp/B07B3PH22D,4.2 de 5,467 calificaciones globales,8%,3%,11%,18%,60%
"StarMark Bob-A-Lot Juguete Interactivo para Mascotas, Grande",985.93,https://www.amazon.com.mx/StarMark-Interactive-yellow-green-purple/dp/B001JQLNB4,4.5 de 5,"25,136 calificaciones globales",3%,3%,6%,13%,74%
Arm & Hammer for Pets Super Treadz Mini Gorilla Dental Chew Toy for Dogs | Dog Dental Chew Toys Reduce Plaque & Tartar Buildup Without Brushing | for Dogs up to 25 Lbs,146.69,https://www.amazon.com.mx/Arm-Hammer-Gorilla-Dispenser-Chewers/dp/B0812K25J6,4.1 de 5,"1,843 calificaciones globales",8%,6%,13%,16%,58%
"AMOR Juguetes de Cuerda para Perro, Juego de 12 Piezas de Juguetes para Masticar y de Cuerda para Perros, Juguetes Interactivos para Interior y Exterior, Durable, No Tóxico",280.00,https://www.amazon.com.mx/AMOR-Juguetes-Masticar-Interactivos-Interior/dp/B09VSZB3KC,3 de 5,1 calificación global,0%,0%,100%,0%,0%
JUGUETE ECO BALL CON JALADERA SURTIDO,182.81,https://www.amazon.com.mx/JUGUETE-ECO-BALL-JALADERA-SURTIDO/dp/B01F8NI7RQ,4.4 de 5,3 calificaciones globales,0%,0%,0%,64%,36%
"Fancy Pets Juguete Masticable Aro, Grande (colores surtidos)",204.40,https://www.amazon.com.mx/Fancy-Pets-Juguete-Masticable-Grande/dp/B07HSDPTGT,4.2 de 5,10 calificaciones globales,20%,0%,0%,0%,80%
"Kong Wild Knots Bear Juguete para perro, colores variados, Marrón, XS",117.51,https://www.amazon.com.mx/KONG-Wild-Knots-Bear-Assortment/dp/B00MHUB8WK,4.4 de 5,"18,788 calificaciones globales",5%,5%,9%,12%,69%
"Funny toy Pelota de Goma para Mascotas, para la limpieza y el cuidado de los dientes de mascotas. Pelota de goma duradera, funcional y resistente a los mordiscos. Apto para adiestramiento de perros pequeños y grandes",$179.00,https://www.amazon.com.mx/Funny-toy-Mascotas-peque%C3%B1os-Entrenamiento/dp/B09KCJNL15,4.6 de 5,97 calificaciones globales,0%,3%,6%,16%,75%
"Peanuts for Pets FF14011 - Juguete de Peluche para Perro, diseño de Peanuts Comics de Snoopy Holiday Slumber Party chirriante para Perro, Juguete de Peluche chirriante de tamaño Mediano, 9 Pulgadas",751.25,https://www.amazon.com.mx/Peanuts-Pets-FF14011-chirriante-Pulgadas/dp/B09JPCXYZH,4.5 de 5,19 calificaciones globales,0%,0%,19%,8%,73%
"Contiene 10 juguetes，Juguete de cuerda para perros, para entrenar los dientes de su cachorro, para lanzar y diversos juegos,10 dientes casi indestructibles para perros, producto de limpieza dental evita el aburrimiento y alivia el estrés,100% no tóxico, juguetes seguros para masticar, juguete de bola de Frisbee lavable, juguetes interactivos pequeños para perros medianos, mascotas",$349.00,https://www.amazon.com.mx/LJ-EXPLOSIVE-entrenar-indestructibles-aburrimiento-interactivos/dp/B08CV25ZBC,4.4 de 5,590 calificaciones globales,4%,3%,7%,15%,70%
"DYD Juguetes para Perros, 10 Juguetes Interactivos para Perros Pequeños y Mediano, Pequeños Juguete Perro Cachorro ,Juguetes de Peluche para Mascotas",329.00,https://www.amazon.com.mx/DYD-Juguetes-Interactivos-Peque%C3%B1os-Cachorro/dp/B09PH3L9PV,4.4 de 5,12 calificaciones globales,0%,13%,0%,20%,67%
NW Pelota para Perro (M),125.00,https://www.amazon.com.mx/NW-Pelota-para-Perro-M/dp/B09J7WZMRH,4.4 de 5,215 calificaciones globales,5%,3%,7%,12%,73%
"Kong Interactive Puppy Toy, color Rosa/Azul, Grande",279.00,https://www.amazon.com.mx/KONG-Interactive-Puppy-Color-Grande/dp/B00Q2QK0FG,4.6 de 5,107 calificaciones globales,3%,2%,6%,9%,80%
"Uplayteck Juguetes para Perros, Pets IQ Treat Ball Pelotas de Juguetes Interactivos para Mascotas Divertido comedero para Perros con Alimentación Lenta, Alimentador Premios para Perros y Gatos",199.00,https://www.amazon.com.mx/Uplayteck-Interactivos-Divertido-Alimentaci%C3%B3n-Alimentador/dp/B07T2JKQM2,4.5 de 5,630 calificaciones globales,2%,3%,6%,16%,72%
"Jasinber Dispensador de Comida Interactivo para Perros, Juguete de Vaso para Perro para dispensador de Alimentos (Verde)",189.00,https://www.amazon.com.mx/Jasinber-Dispensador-Interactivo-dispensador-Alimentos/dp/B07PPNBJ6N,4.3 de 5,196 calificaciones globales,6%,3%,10%,12%,68%
"Chiwava Paquete de 3 9 "" Juguete de Animal en Forma de Palo para Perros Pequeños y Medianos",298.00,https://www.amazon.com.mx/Chiwava-Juego-Perros-peque%C3%B1os-medianos/dp/B07FQ9945F,4.4 de 5,"5,097 calificaciones globales",6%,3%,8%,14%,70%
"Juguete de cuerda gigante XXG para perros extragrandes, 107 cm de largo y 6 nudos, en beneficio de organización de rescate animal sin fines de lucro, juguete indestructible para masticadores agresivos y razas de perros grandes",272.06,https://www.amazon.com.mx/extragrandes-beneficios-indestructible-masticadores-agresivos/dp/B08C7F79JD,4.5 de 5,"1,394 calificaciones globales",4%,2%,8%,11%,75%
Fancy Pets Juguete en Aro para Perro Tamaño Pequeño Color Tricolor,39.00,https://www.amazon.com.mx/Fancy-Juguete-Tama%C3%B1o-Peque%C3%B1o-Tricolor/dp/B01F8NHG5K,4.6 de 5,458 calificaciones globales,2%,3%,8%,10%,77%
"Juguetes de cuerda para perros, 4 piezas de juguetes para masticar cachorros, juguetes para perros indestructibles para jugar y limpiar los dientes, juguetes para masticar para perros adecuados para perros pequeños, medianos y grandes",169.00,https://www.amazon.com.mx/Juguetes-juguetes-cachorros-indestructibles-adecuados/dp/B097R2Y67H,3.9 de 5,58 calificaciones globales,9%,5%,16%,22%,48%
"Juguetes para Perros mordedera para perro para Masticadores Agresivos de Raza Grande Hueso de Juguete para Perros Indestructible Duradero Remolcador de Guerra para Cambiar de Dientes para Perros Enérgicos Perros Medianos y Grandes (negro, 33*11)",359.00,https://www.amazon.com.mx/mordedera-Masticadores-Agresivos-Indestructible-Remolcador/dp/B09FYTNHN9,4.5 de 5,20 calificaciones globales,0%,0%,13%,21%,67%
"BREEZEE MARKET Juguetes Squeaky Chirriante para Perros 3 pzs, Mascotas Chicos Medianos, Juguete Anti Estres, Interactivo, Ideal para Morder Y Jugar, Pet Toy Dog, Juguete con Sonido, Lavable Duradero",289.00,https://www.amazon.com.mx/BREEZEE-MARKET-Juguetes-Chirriante-Interactivo/dp/B08H4HW4BL,4.3 de 5,91 calificaciones globales,5%,3%,12%,15%,66%
"AMOR Juguetes de Cuerda para Perro, Juego de 10 Piezas de Juguetes para Masticar y de Cuerda para Perros, Juguetes Interactivos para Interior y Exterior, Durable, No Tóxico",260.00,https://www.amazon.com.mx/AMOR-Juguetes-Masticar-Interactivos-Interior/dp/B09VSVPL5P,5 de 5,1 calificación global,0%,0%,0%,0%,100%
"Wobble Wag Giggle Pelota, Juguete Interactivo para Perros, Divertidos Sonidos de risita, como se ve en la televisión",248.24,https://www.amazon.com.mx/Wobble-Wag-Giggle-Interactivo-Divertidos/dp/B00PQ5UH0C,4.4 de 5,"69,925 calificaciones globales",5%,4%,9%,14%,68%
Outward Hound Ottosson Puzzle Brick Dog Toy,470.19,https://www.amazon.com.mx/Outward-Hound-Dispensing-Exercise-Ottosson/dp/B0711Y9XTF,4.8 de 5,"34,158 calificaciones globales",1%,0%,2%,8%,88%
JUGUETE JALADERA MED C/TRENZA DOBLE 32 CM,190.26,https://www.amazon.com.mx/JUGUETE-JALADERA-MED-TRENZA-DOBLE/dp/B01522OCA4,5 de 5,2 calificaciones globales,0%,0%,0%,0%,100%
Fancy Pets Juguete Cuerda con Aro de Caucho para Perro,30.57,https://www.amazon.com.mx/Fancy-Pets-Juuete-Cuerda-Caucho/dp/B07NW84DR1,4.5 de 5,"3,866 calificaciones globales",3%,3%,9%,15%,70%
"Fancy Pets Juguete en Forma de Hueso de Caucho para Perro, Varios Colores",49.00,https://www.amazon.com.mx/Fancy-Pets-Juguete-Caucho-Colores/dp/B07NWBQRG5,4.3 de 5,"2,240 calificaciones globales",7%,4%,9%,14%,66%
"KONG Stuffed Wild Knots Bear, Color Multicolor, Extra Grande",249.00,https://www.amazon.com.mx/KONG-Stuffed-Knots-Multicolor-Grande/dp/B014JZKVCS,4.2 de 5,"7,858 calificaciones globales",8%,4%,8%,12%,67%
"Best Pet Supplies - Juguete de Piel Divertida 2 en 1 para Perro, sin Relleno, Pato Salvaje, pequeño (PT08-S)",191.88,https://www.amazon.com.mx/Best-Pet-Supplies-Stuffless-Squeak/dp/B00G5M75UK,4.4 de 5,"18,069 calificaciones globales",2%,6%,12%,12%,67%
"Fancy Pets Juguete Mordedor Hueso de Hilo para Perro, Varios Colores",39.00,https://www.amazon.com.mx/Fancy-Juguete-Mordedor-Varios-Colores/dp/B01F8NHBLY,4.7 de 5,"1,135 calificaciones globales",1%,1%,7%,11%,80%
Arm & Hammer A&H Treadz Gorilla Dog Toy,189.30,https://www.amazon.com.mx/Arm-Hammer-Treadz-Gorilla-Dog/dp/B01N35LFO6,4.4 de 5,"20,866 calificaciones globales",4%,4%,10%,15%,67%
"KONG Peluche Burrito Mediano con Chirrido, Gris",249.01,https://www.amazon.com.mx/KONG-Peluche-Burrito-Mediano-Chirrido/dp/B0854LC19D,4.2 de 5,704 calificaciones globales,7%,5%,10%,12%,65%
"10 Piezas Juguetes de Cuerda para Perros, Grupo de Juguetes para Perros, Juguete Interactivo para Perros,Durable Masticable Cuerda Soledad para Pequeñas y Medianas Perros, Mantener a Su Perro Sano, Utilizado para Jugar, Limpiar Los Dientes",299.00,https://www.amazon.com.mx/NEWKIBOU-Juguetes-Masticable-Peque%C3%B1as-Medianas/dp/B08SBKZDP9,4.4 de 5,210 calificaciones globales,3%,3%,8%,17%,68%
"Juguete de cuerda para masticar perros,paquete de 7 juguetes para perros pequeños,bonitos juguetes para perros con chirriador de vacuno, juguetes duraderos para la dentición de cachorros, cuerdas para masticar cachorros, no tóxico y seguro(7 piezas)",299.00,https://www.amazon.com.mx/masticar-chirriador-duraderos-dentici%C3%B3n-cachorros/dp/B09ZXQS4L8,5 de 5,11 calificaciones globales,0%,0%,0%,0%,100%
"Juguetes masticables para perro, Juguete para perro indestructible con Ventosa, juguetes interactivos para perros, Juguete de tracción para Mascotas con sonido, limpieza de dientes y dispensación de alimentos (Verde)",299.00,https://www.amazon.com.mx/masticables-indestructible-interactivos-dispensaci%C3%B3n-alimentos/dp/B0987J6FW8,3.8 de 5,205 calificaciones globales,12%,9%,14%,16%,49%
"Juguetes de rompecabezas para perros, juego de rompecabezas interactivo juguete de perro,dispensador de bocadillos de alimentación divertida para entrenamiento de perros, alimentador lento de diseño colorido ABS para ayudar a la digestión de las mascotas. (Rosa)",239.00,https://www.amazon.com.mx/rompecabezas-interactivo-dispensador-alimentaci%C3%B3n-entrenamiento/dp/B0B17CP6YB,N/A,N/A,0%,0%,0%,0%,0%
"LISAPRO Pelotas Grandes de Goma para Mascotas, duraderas, funcionales para Limpieza y Cuidado Dental para Mascotas, Juguete para Perro, Pelota de Goma Resistente a mordeduras(1Verde +1 Amarillo)",168.00,https://www.amazon.com.mx/LISAPRO-duraderas-funcionales-Resistente-mordeduras/dp/B098X32FQ3,4.3 de 5,310 calificaciones globales,5%,5%,10%,14%,67%
Fancy Pets Pelota de Juguete Grande con Sonido para Perro Color Azul,98.00,https://www.amazon.com.mx/Fancy-Pets-Juguete-Pelota-Flexible/dp/B077X9JKNV,4.7 de 5,533 calificaciones globales,1%,1%,3%,10%,84%
"Juego De Juguetes Para Perros De 12 Piezas- Juguete de cuerda para perros, Juguete Para Masticar, para entrenar los dientes de su cachorro, para lanzar y diversos juegos, limpieza de dientes, Juguete Interactivo Para Perros,Adecuado Para Juguetes Para Masticar Perros Pequeños, Medianos y Grandes",$299.00,https://www.amazon.com.mx/Juguetes-Masticar-entrenar-cachorro-Interactivo/dp/B09W2TRJ4P,4.6 de 5,17 calificaciones globales,0%,9%,9%,0%,83%
Fancy Pets Juguete d Pelota de Caucho Spiny para Perro,30.57,https://www.amazon.com.mx/Fancy-Pets-Juguete-Pelota-Caucho/dp/B07NW86J5J,4.6 de 5,"2,017 calificaciones globales",3%,2%,7%,13%,76%
"Juego de Juguetes para Perros de 12 Piezas- Juguete para Masticar, Juguete para Perros Molar de Goma Duradero, Utilizado para Jugar, Limpiar Los Dientes, Juguete Interactivo para Perros, Adecuado para Juguetes para Masticar Perros Pequeños, Medianos y Grandes",299.00,https://www.amazon.com.mx/Juguetes-Masticar-Duradero-Utilizado-Interactivo/dp/B09PNC428Z,4.5 de 5,90 calificaciones globales,2%,2%,10%,15%,71%
"Fancypets FL8507 Juguete de Hule Chupón, Colores Surtidos",19.22,https://www.amazon.com.mx/Fancypets-FL8507-Juguete-Colores-Surtidos/dp/B01F8NH7YA,4.4 de 5,198 calificaciones globales,5%,4%,9%,15%,67%
Fancy Pets Juguete de SOGA con Pelota para Perro,69.00,https://www.amazon.com.mx/Fancypets-FL7283-Juguete-Colores-Surtidos/dp/B01522MMOC,4.3 de 5,"1,489 calificaciones globales",5%,4%,11%,16%,65%
"PUBAMALL Juego de 10 Piezas de Juguetes para Perros, Juguetes para Perros, Juguetes para Masticar y Juguetes de Cuerda para Perros",279.00,https://www.amazon.com.mx/PUBAMALL-Piezas-Juguetes-Perros-Masticar/dp/B093ZLYZP7,4.6 de 5,125 calificaciones globales,0%,2%,6%,17%,75%
"Juguete de cuerda para morder perros, paquete de 7 juguetes para perros pequeños, lindos juguetes para perros que chirrían de ternera, juguetes duraderos para la dentición de cachorros, cuerdas para masticar cachorros, no tóxicos y seguros",$339.00,https://www.amazon.com.mx/juguetes-peque%C3%B1os-duraderos-dentici%C3%B3n-cachorros/dp/B09P4NQXRV,4.9 de 5,79 calificaciones globales,0%,0%,4%,8%,89%
2 Piezas Juguete para Perro Pelota para Perro DISPENSA CROQUETAS PREMIOS. 6 CM.Pelota Resistente,179.00,https://www.amazon.com.mx/DISPENSA-CROQUETAS-PREMIOS-CM-Pelota-Resistente/dp/B09XS1V6J8,N/A,N/A,0%,0%,0%,0%,0%
"Nerf Dog Pelota de Tenis para Perros con chirriador Interactivo, Ligero, Duradero y Resistente al Agua, 6,8 cm, para Razas pequeñas/Medianas/Grandes, Paquete de 4 Colores, Varios Colores",217.50,https://www.amazon.com.mx/Nerf-chirriador-Interactivo-Duradero-Resistente/dp/B01FW1AE5M,3 de 5,19 calificaciones globales,28%,19%,6%,24%,23%
"Owly Toys - Cepillo de Dientes para Perro, Juguete para Limpieza de Dientes, Juguete para Masticar Cachorro, Cepillo Dental para Cuidado bucal para Perros pequeños y medianos",299.00,https://www.amazon.com.mx/Owly-Toys-Limpieza-Masticar-Cachorro/dp/B0B1XTQXKP,N/A,N/A,0%,0%,0%,0%,0%
"Outward Hound Nina Ottosson - Juguete Interactivo para Perro, Color Naranja Inteligente",499.00,https://www.amazon.com.mx/Outward-Hound-Dispensing-Exercise-Ottosson/dp/B0711Y9Y8W,4.8 de 5,306 calificaciones globales,1%,2%,4%,9%,85%
Juego de 3 juguetes para masticar para perros de Fiesta – Juguetes de felpa mexicana – Regalos para perros para Chihuahuas – Taco – Tequila – Salsa picante,411.27,https://www.amazon.com.mx/Juego-juguetes-masticar-perros-Fiesta/dp/B08M4G1W2M,4.8 de 5,185 calificaciones globales,0%,1%,5%,10%,83%
Fancy Pets Juguete Dona Sound Tamaño Grande para Perro,182.40,https://www.amazon.com.mx/Fancy-Pets-Juguete-Tama%C3%B1o-Grande/dp/B0B578TN8F,N/A,N/A,0%,0%,0%,0%,0%
Juguete para Perro EN Forma DE Granada DISPENSA PREMIOS CROQUETAS Juguete Resistente DE 11 CM,143.00,https://www.amazon.com.mx/Juguete-Granada-DISPENSA-CROQUETAS-Resistente/dp/B09SGRRYD5,N/A,N/A,0%,0%,0%,0%,0%
"Nanchoice NAN9245 Rubber Dona, Multicolor",89.18,https://www.amazon.com.mx/Nanchoice-NAN9245-Rubber-Dona-Multicolor/dp/B088GHMPNQ,4.8 de 5,7 calificaciones globales,0%,0%,0%,20%,80%
"PATITAS FELICES. MÁS HUELLAS, MÁS AMOR. 2 Piezas 1 Pieza Pelota DISPENSA PREMIOS para Perro 1 Pieza Pelota DISPENSA PREMIOS para Perro Juguete Resistente para Perro MORDER",187.00,https://www.amazon.com.mx/PATITAS-FELICES-M%C3%81S-HUELLAS-AMOR/dp/B0B2YLNCCV,N/A,N/A,0%,0%,0%,0%,0%
Fancy Pets Rama Bambú Plus Juguete para Morder Sabor Carne para Perro Tamaño Chico Color Café,70.40,https://www.amazon.com.mx/Fancy-Pets-Juguete-Morder-Tama%C3%B1o/dp/B091HY2J1H,4.3 de 5,7 calificaciones globales,0%,19%,0%,18%,63%
KONG Balón Goomez con Texturas Mediano,209.00,https://www.amazon.com.mx/KONG-Bal%C3%B3n-Goomez-Texturas-Mediano/dp/B08TV71CNV,2.9 de 5,15 calificaciones globales,37%,10%,11%,9%,34%
"Juguete de mordida de perro extra resistente, duradero, interactivo para perros medianos a grandes, lo mejor para tirar de guerra, buscar y entrenar cachorros. Manguera de fuego segura para perro con mango fuerte (2 asas de lino)",325.24,https://www.amazon.com.mx/extrarresistente-duradero-interactivos-entrenamiento-cachorros/dp/B07RGKK6DK,4.2 de 5,232 calificaciones globales,7%,7%,10%,14%,62%
"Wolfi Set de 5 juguetes chillones de peluche para mascota, juguetes de peluche sin relleno, juguetes para perro, juguete con sonido para mascotas, peluches chirriantes para perro, juguetes con chirriador, peluches con chillido para mascota (ardilla, tigre, zorro, león y mapache).",469.99,https://www.amazon.com.mx/Wolfi-juguetes-chillones-chirriantes-chirriador/dp/B08SKTGS5Q,4.6 de 5,85 calificaciones globales,2%,0%,10%,9%,78%
KONG Peluche Mono Extra Grande para Jalar y Chirrido,363.37,https://www.amazon.com.mx/KONG-Peluche-Extra-Grande-Chirrido/dp/B086MPT6QV,3.5 de 5,141 calificaciones globales,25%,4%,11%,12%,47%
MULTIPET Swingin 19-Inch Large Plush Dog Toy with Extra Long Arms and Legs with Squeakers,238.29,https://www.amazon.com.mx/Multipet-Swingin-Leopard-22-Inch-Squeakers/dp/B001ICJGUE,4.3 de 5,"1,611 calificaciones globales",6%,4%,9%,13%,68%
"Juguete Rompecabezas para Perro, Tapete Olfativo para Perros, Juguetes Interactivos para el Aburrimiento, Dispensador de Comida y Premios, Tapetes de Estimulación Mental, Entrenamiento de Olores y Alimentación Lenta, Uso Portátil de Viaje",327.00,https://www.amazon.com.mx/Rompecabezas-Interactivos-Aburrimiento-Estimulaci%C3%B3n-Entrenamiento/dp/B0B3GGKKDH,N/A,N/A,0%,0%,0%,0%,0%
Outward Hound Nina Ottosson - Juguete Interactivo para Perros,707.28,https://www.amazon.com.mx/Outward-Hound-Dispensing-Exercise-Ottosson/dp/B07239T47Y,4.5 de 5,"10,038 calificaciones globales",2%,3%,8%,15%,72%
"Chuckit! Ultra Ball - Juguete para Perro, Varios tamaños",259.00,https://www.amazon.com.mx/Chuckit-Ultra-Ball-Pulgadas-Paquete/dp/B00CI50N5W,4.7 de 5,"7,686 calificaciones globales",2%,2%,2%,9%,85%
"Star Wars for Pets Baby Yoda The Child in Cradle Ball Figure Perro Juguete | Pequeños Juguetes de Felpa de Tela de Felpa para Perro, Juguetes de Felpa para Todos los Perros",227.46,https://www.amazon.com.mx/Star-Wars-Juguete-Peque%C3%B1os-Juguetes/dp/B093ND1CTG,4.5 de 5,257 calificaciones globales,4%,3%,7%,9%,77%
"3 Piezas Juguete para Perro, Pelota para Perro Que Brilla EN LA Oscuridad DA CROQUETAS.PREMIOS 7.5 CM.Pelota Resistente",359.00,https://www.amazon.com.mx/Juguete-Oscuridad-CROQUETAS-PREMIOS-CM-Pelota-Resistente/dp/B09Z123NQ5,N/A,N/A,0%,0%,0%,0%,0%
"KONG Juguete en Forma de Llanta para Perro, pequeño",320.09,https://www.amazon.com.mx/KONG-Juguete-Forma-Llanta-peque%C3%B1o/dp/B007B6VU3M,4.4 de 5,39 calificaciones globales,6%,0%,7%,17%,69%
Fancy Pets Juguete Hueso para Morder con Fibra de Bambú Sabor Pollo para Perro Tamaño Chico,59.22,https://www.amazon.com.mx/Fancy-Pets-Juguete-Morder-Tama%C3%B1o/dp/B07MMFHD26,4.1 de 5,393 calificaciones globales,7%,7%,13%,17%,57%
"SANGKN Perro de juguete, perros de juguete que caminan y ladran, cachorro realista de batería para niños, ladridos realistas, juguete para pasear mascotas electrónicas y niñas (Alaska)",438.69,https://www.amazon.com.mx/realistas-interactivos-caminando-electr%C3%B3nico-Retriever/dp/B08LS55MH7,4 de 5,189 calificaciones globales,13%,6%,11%,9%,60%
Fancy Pets Pelota para Premios con Sonido para Perros,136.01,https://www.amazon.com.mx/Fancy-Pets-Pelota-Sonido-premios/dp/B07VQ8ZGF9,4.2 de 5,20 calificaciones globales,6%,10%,8%,13%,64%
"Dorakitten Juguetes chirriantes para perros, paquete de 14 juguetes para perros pequeños chirriantes para perros pequeños con chirriadores para perros pequeños/medianos",380.47,https://www.amazon.com.mx/Dorakitten-Juguetes-chirriantes-juguetes-peque%C3%B1os/dp/B088D8HGXK,4.6 de 5,679 calificaciones globales,3%,2%,6%,10%,79%
"Nylabone Dura Chew Masticador de Perro con Textura, Extragrande, Hueso, Marrón, X-Large",218.70,https://www.amazon.com.mx/Nylabone-Masticador-Textura-Extragrande-X-Large/dp/B000GQ80TQ,4.5 de 5,"22,622 calificaciones globales",4%,3%,6%,13%,74%
"PATITAS FELICES. MÁS HUELLAS, MÁS AMOR. 2 Piezas 1 Pieza DE Pelota con Cuerda para Perro 1 Pieza DE Pelota para Perro Juguete Resistente para Perro MORDER",197.00,https://www.amazon.com.mx/PATITAS-FELICES-M%C3%81S-HUELLAS-AMOR/dp/B0B2X2HR4Y,N/A,N/A,0%,0%,0%,0%,0%
"Fancypets FL7282 Agarradera y Aro con Pelota, 50 cm",89.59,https://www.amazon.com.mx/Fancypets-FL7282-Agarradera-Aro-Pelota/dp/B01522MLBG,4.1 de 5,33 calificaciones globales,6%,12%,5%,16%,61%
"Chuckit! The Whistler - Pelotas, Multicolor, Mediano",224.03,https://www.amazon.com.mx/Canine-Hardware-Silbadoras-Multicolor-pulgadas/dp/B00280MUXU,4.8 de 5,"9,212 calificaciones globales",1%,1%,4%,9%,85%
JUGUETE HUESO GDE DE BAMBU SABOR POLLO NATURE,79.20,https://www.amazon.com.mx/JUGUETE-HUESO-BAMBU-SABOR-NATURE/dp/B07MQP972C,4.2 de 5,94 calificaciones globales,2%,9%,12%,19%,58%
Ruz Juguete para Mascota (Perro) Star Wars,421.60,https://www.amazon.com.mx/Ruz-Juguete-para-Mascota-Perro/dp/B09KWH4JLZ,3 de 5,1 calificación global,0%,0%,100%,0%,0%
"Pelota sensorial de Juguete para Perros Ethical Pets, Colores Variados, 2.5""",232.78,https://www.amazon.com.mx/Ethical-Pets-Sensory-Ball-Dog/dp/B00SH74BW6,4.3 de 5,769 calificaciones globales,4%,6%,12%,16%,62%
"KONG Squeezz Ball Juguete para Perro, Mediano, Colores Variados",177.88,https://www.amazon.com.mx/KONG-Squeezz-Juguete-mediano-variados/dp/B004YCJQYG,4.3 de 5,"8,329 calificaciones globales",8%,3%,9%,12%,68%
MATCHI Juguetes para Perros ansiosos Juguete Interactivo para Perros y gatos Rompecabezas Interactivo Dispensador de Comida para Perro Premios Juguetes para Perro y gato antiestres Forma Circular (Azul),$419.00,https://www.amazon.com.mx/MATCHI-Interactivo-Rompecabezas-Dispensador-antiestres/dp/B09MDZ9RLK,4.7 de 5,4 calificaciones globales,0%,0%,0%,30%,70%
"Taza de café de juguete para perros con asa de cuerda, juguete para perros con juguete para todos los perros, juguetes de peluche con ruido para añadir diversión, recuerdos de amigos",158.93,https://www.amazon.com.mx/juguete-juguetes-peluche-diversi%C3%B3n-recuerdos/dp/B084SBCHYQ,4.6 de 5,54 calificaciones globales,0%,5%,4%,17%,74%
"goDog Furballz - Juguete de Peluche para Mascotas para Perros y Cachorros, Suave y Duradero, Resistente y Resistente a la masticación, Costuras reforzadas, Color Morado, Grande",333.87,https://www.amazon.com.mx/goDog-Furballz-Plush-Technology-P%C3%BArpura/dp/B00GOLQKRG,4.5 de 5,"9,708 calificaciones globales",6%,4%,5%,9%,76%
"KONG Juguete para Perro Mayores, Mediano, Morado",318.07,https://www.amazon.com.mx/KONG-Juguete-Mayores-mediano-morado/dp/B000S6O49O,4.8 de 5,167 calificaciones globales,2%,0%,1%,11%,86%
Gnawsome Bola chirriadora y Ligera para Perros (surtida),201.88,https://www.amazon.com.mx/Gnawsome-Squeak-Light-Ball-Dogs/dp/B00SHMPLSE,4.2 de 5,"1,547 calificaciones globales",10%,4%,10%,11%,64%
MULTIPET 11.5-Inch Latex Polka Dot Globken Chicken Dog Toy,190.27,https://www.amazon.com.mx/Multipets-11-5-Inch-Latex-Globken-Chicken/dp/B00550K7RG,4.5 de 5,"9,343 calificaciones globales",5%,2%,7%,12%,74%
"Pet Qwerks Juguete Interactivo de Erizo de Peluche para Perro con Bonitos Sonidos eléctricos, Blanco, Pequeño",193.50,https://www.amazon.com.mx/Pet-Qwerks-Small-Plush-Hedgehog/dp/B007VADCYI,4.3 de 5,"2,321 calificaciones globales",6%,5%,8%,18%,64%
KONG Pelota Tenis Squeezz 2pzs Mediana,149.00,https://www.amazon.com.mx/KONG-Pelota-Tenis-Squeezz-Mediana/dp/B08RJWYD3W,4.1 de 5,29 calificaciones globales,9%,5%,15%,13%,59%
"MULTIPET Woody Woodpecker Officially Licensed Plush Dog Toy, 11-Inch",237.22,https://www.amazon.com.mx/Multipet-Woodpecker-Officially-Licensed-11-Inch/dp/B00EUMGBNE,4.6 de 5,"3,264 calificaciones globales",4%,2%,6%,9%,79%
"Alfombrillas de bricolaje para perros, juguetes educativos para perros, alfombrillas de entrenamiento para olfatear mascotas, cuencos para perros, alfombrillas para perros anti-asfixia, suministros para mascotas, juegos de alimentación interactivos, entrenar a los gatos para que utilicen sus habilidades de alimentación naturales cuando van al tazón, entrenar perros para oler olores Manta",209.99,https://www.amazon.com.mx/Alfombrillas-alfombrillas-entrenamiento-anti-asfixia-alimentaci%C3%B3n/dp/B09PG1P3T6,4.3 de 5,8 calificaciones globales,0%,16%,0%,25%,60%
Fancy Pets Prisma Juguete en Forma de Hueso para Perro con Sonido Tamaño Grande,112.00,https://www.amazon.com.mx/Fancy-Pets-Prisma-Juguete-Sonido/dp/B08FF1SJK7,4.5 de 5,23 calificaciones globales,6%,0%,0%,21%,73%
"CHUCKIT Max Glow Balls for Pets (2 Pack), Medium, White",$225.89,https://www.amazon.com.mx/CHUCKIT-Glow-Balls-Medium-White/dp/B0171NK6TI,4.7 de 5,"28,000 calificaciones globales",2%,1%,4%,10%,83%
"TOME , juguete para perros masticadores agresivos , ecológico indestructible no tóxico , Juguete para el alivio de la ansiedad del perro , cepillo de dientes para perro, Juguetes resistentes para perros para masticar y el entrenamiento del comportamiento de tu perro. (ROJO)",450.00,https://www.amazon.com.mx/masticadores-indestructible-resistentes-entrenamiento-comportamiento/dp/B09MZDYSJQ,4.1 de 5,106 calificaciones globales,11%,5%,10%,11%,63%
JUGUETE HUESO CONGELABLE COOL,118.41,https://www.amazon.com.mx/Fancy-Pets-Juguete-Hueso-CONGELABLE/dp/B07VSHGLHH,4.4 de 5,59 calificaciones globales,0%,0%,22%,20%,59%
"Fancypets FL8505 Juguete de Hule Pescado, Colores Surtidos",20.01,https://www.amazon.com.mx/Fancypets-FL8505-Juguete-Pescado-Surtidos/dp/B01F8NH812,3.9 de 5,9 calificaciones globales,0%,15%,27%,5%,52%
"BarkBox – Contenedor de almacenamiento de fieltro para juguetes de perros – Contenedor de suministros para mascotas de larga duración – Organizador de decoración del hogar para perros para pelotas de tenis, juguetes chirriantes, correas, collares y más – Tamaño estándar 12 x 13 pulgadas",422.31,https://www.amazon.com.mx/BarkBox-Caja-juguetes-para-perros/dp/B08F6FFDHN,4.5 de 5,448 calificaciones globales,2%,3%,6%,18%,71%
"Kong KP3 Cachorro Juguete para Perro, Small, Colores Aleatorios, 1 unidad",274.13,https://www.amazon.com.mx/KONG-Cachorro-Juguete-Perro-Small/dp/B0002AR18C,4.6 de 5,"10,605 calificaciones globales",2%,2%,6%,12%,79%
"Juguete para Perros de Pollo Ethical Pets Gigglers, 12 Pulgadas, Varios Colores",310.22,https://www.amazon.com.mx/Ethical-Pets-Gigglers-Chicken-Assorted/dp/B00HSJFJOI,4.1 de 5,"1,530 calificaciones globales",9%,5%,12%,14%,60%
"JW Tough by Nature HOL-EE Roller, Assorted, Paquete Individual, Variados, Mediano",151.39,https://www.amazon.com.mx/JW-Pet-Assorted-individual-Variados/dp/B0002DJX44,4.4 de 5,"11,527 calificaciones globales",6%,3%,7%,11%,72%
"Fancy Pets FL8259 Juguete Camaleon Sound, Multicolor",38.40,https://www.amazon.com.mx/Fancy-Pets-FL8259-JUGUETE-CAMALEON/dp/B091HYSDTM,5 de 5,1 calificación global,0%,0%,0%,0%,100%
"Nylabone Cachorro Masticar Anillo Hueso y Juguete Paquete Doble, Sabor Medley, 2 Unidades, Petite",150.91,https://www.amazon.com.mx/Nylabone-Puppies-Petite-Puppy-Combo/dp/B00EE653BC,4.5 de 5,"2,527 calificaciones globales",2%,3%,8%,23%,65%
"Multi Pet Nobbly - Bola de Goma para Perro, tamaño Mediano",123.01,https://www.amazon.com.mx/Multi-Pet-Nobbly-Wobbly-Ball-Medium/dp/B0002DK7NA,3.8 de 5,"1,086 calificaciones globales",17%,7%,9%,13%,53%
Fancy Pets Rama Bambú Plus Juguete para Morder Sabor Carne para Perro Tamaño Grande Color Café,168.00,https://www.amazon.com.mx/Fancy-Pets-Juguete-Morder-Tama%C3%B1o/dp/B091HYNFVS,4.4 de 5,5 calificaciones globales,0%,0%,30%,0%,70%
"Juguetes para perros para masticadores agresivos de raza grande, indestructible, duradero, juguete de tirar de la guerra para cambiar los dientes para perros enérgicos, perros medianos y grandes (café)",359.98,https://www.amazon.com.mx/Raujout-Pue-masticadores-agresivos-irrompible/dp/B08NP5JPVN,4.5 de 5,379 calificaciones globales,5%,5%,4%,10%,76%
"Chuckit! Juguete para perro Paraflight, Azul/Naranja, Pequeño",180.80,https://www.amazon.com.mx/Chuckit-Small-Paraflight-Colores-Surtidos/dp/B008ESYADS,4.7 de 5,"13,828 calificaciones globales",3%,1%,5%,10%,81%
"Nerf Juguete para Perro Flyer para Perro, Frisbee, Ligero, Duradero y Resistente al Agua, Ideal para Playa y Piscina, 10 Pulgadas de diámetro, para Razas Medianas/Grandes, Rojo, One-Size-for-Most",192.42,https://www.amazon.com.mx/Nerf-Duradero-Resistente-Pulgadas-di%C3%A1metro/dp/B07TWJFCW9,4.2 de 5,"2,941 calificaciones globales",8%,4%,10%,14%,63%
"goDog Dinos Frills - Juguete de Peluche chirriante para Perros y Cachorros, Suave y Duradero, Resistente y Resistente a la masticación, Costuras reforzadas, Gris, Grande",399.00,https://www.amazon.com.mx/Sherpa-goDog-Technology-Triceratop-cresta/dp/B0035XWPZM,4.6 de 5,"13,364 calificaciones globales",3%,3%,5%,10%,79%
"HASAKI Juguetes chirriadores para Perros, Lindos Juguetes de Peluche de Gran tamaño para Mascotas, Juguetes para Masticar para Todos los Perros (león)",239.00,https://www.amazon.com.mx/HASAKI-Juguetes-chirriadores-Mascotas-Masticar/dp/B09ST7FGR2,4.3 de 5,8 calificaciones globales,17%,0%,0%,0%,83%
Fancy Pets Juguete Vara Flexible con Sonido para Perro Tamaño Chico Color Azul,103.00,https://www.amazon.com.mx/Fancy-Pets-Juguete-Flexible-Sonido/dp/B077X8QYRD,4.6 de 5,68 calificaciones globales,4%,0%,7%,8%,81%
"Geekipro Juguete Masticable para Perros, Juguete de Caucho Duradero para Perros, Juguete para Limpiar y Entrenar los Dientes de la Flor de Rosa, Adecuado para Perros Pequeños / medianos, Rojo",289.00,https://www.amazon.com.mx/Geekipro-Masticable-Duradero-Entrenar-Adecuado/dp/B09N73GKQV,4.1 de 5,41 calificaciones globales,7%,8%,9%,14%,61%
"Outward Hound Juguete para Perro Hedgehogz Squeaky – Juguete Interactivo Suave y Blando para Perros – Peluche Resistente y Duradero para Mascotas Impresionantes, Mediano",199.53,https://www.amazon.com.mx/Outward-Hound-hedgehogz-juguetes-sonajero/dp/B0000AH9W4,4.5 de 5,"16,897 calificaciones globales",5%,3%,6%,11%,75%
Chuckit! - Juguete Deslizante para Perro,391.42,https://www.amazon.com.mx/Chuckit-Juguete-Deslizante-para-Perro/dp/B09L1K38NS,3.9 de 5,338 calificaciones globales,9%,10%,15%,18%,49%
"Fastpet 5 Pack Juguetes Chillones para perro, juguetes de peluche con sonido para mascotas, Peluches de animales (Ardilla, Tigre, Zorro, León y Mapache) con chillido mordedores para perros, Juguete Chillón Peluche sin relleno.",469.99,https://www.amazon.com.mx/Fastpet-Juguetes-Chillones-juguetes-mordedores/dp/B09VYB1P89,4.8 de 5,10 calificaciones globales,0%,0%,0%,24%,76%
Fancy Pets Cama Corgi para Perro Color Azul Marino + Juguete Cuerda con Aro de Caucho para Perro,$329.57,https://www.amazon.com.mx/Fancy-Pets-Marino-Juguete-Cuerda/dp/B09XVZ9QM3,4.7 de 5,572 calificaciones globales,2%,2%,4%,12%,80%
"Volacopets Juguetes para cachorros para dentición, juguetes masticables para perros pequeños, juguetes para perros pequeños, color rosa, paquete de 5",278.00,https://www.amazon.com.mx/Volacopets-Juguetes-cachorros-dentici%C3%B3n-masticables/dp/B0867BQQV8,4.6 de 5,"2,818 calificaciones globales",3%,3%,4%,10%,79%
"BLUELEVEL juguetes para masticar perros, juguetes de limpieza para dientes de perro para masticadores agresivos, juguete para cuidado dental de perro, cepillo de dientes para perros pequeños/medianos/grandes forma de cactus.",167.00,https://www.amazon.com.mx/BLUELEVEL-juguetes-masticar-masticadores-agresivos/dp/B0B3M46FLJ,2.5 de 5,4 calificaciones globales,27%,46%,0%,0%,27%
"Funny toy Juguetes de Peluche para Perros - Juguetes interactivos para Perros para Perros, Juguetes de Peluche Resistentes y duraderos para Entrenar (Nariz Rosada de Cerdo)",269.00,https://www.amazon.com.mx/Funny-toy-Juguetes-Peluche-Perros/dp/B099MCFK9L,4.2 de 5,91 calificaciones globales,7%,7%,11%,14%,61%
"PUBAMALL Cuerdas de Juguete para Perros, Cuerda para Masticar Perros Grandes, Cuerda Indestructible de 5 Nudos de 86 cm de Largo",199.00,https://www.amazon.com.mx/PUBAMALL-Cuerdas-Juguete-Masticar-Indestructible/dp/B09WV9RM9N,5 de 5,3 calificaciones globales,0%,0%,0%,0%,100%
Chiwava 3 Piezas 2.7 '' Juguete para Perro Que Suenan de Látex Fútbol pequeño para Perrito Masticar el Tiro de la Bola del Lanzamiento de la Bola,198.00,https://www.amazon.com.mx/Chiwava-Juguete-peque%C3%B1o-Masticar-Lanzamiento/dp/B01I2Y4GVY,4.4 de 5,"2,502 calificaciones globales",6%,3%,7%,13%,70%
RJSEMIFUN Matchi Dispensador Interactivo de Comida y Premios para Perros +IQ Puzzle Juguete para Perro Anti Estrés y de Entrenamiento (Azul),324.00,https://www.amazon.com.mx/RJSEMIFUN-Dispensador-Interactivo-Premios-Entrenamiento/dp/B095BJM2W9,3.8 de 5,38 calificaciones globales,7%,10%,19%,25%,39%
"KONG Air Dog Squeaker Dog Toy, Amarillo, Mediano",378.42,https://www.amazon.com.mx/KONG-Air-Squeaker-Amarillo-Mediano/dp/B000GB1NCM,4.2 de 5,"1,235 calificaciones globales",7%,5%,11%,13%,64%
Pet Craft Supply Hide and Seek - Juguete de Peluche para Perros pequeños y medianos,269.46,https://www.amazon.com.mx/Pet-Craft-Supply-Interactive-Stimulating/dp/B08VNN1JFG,4.5 de 5,"2,768 calificaciones globales",3%,3%,7%,13%,74%
"Outward Hound Interactive Puzzle Toy - Peluche ocultar y buscar actividad para perros - Juguete fuerte y duradero esponjoso para mascotas impresionantes, ardilla, grande, Ardilla, Ardilla, Ginormous",428.88,https://www.amazon.com.mx/Outward-Hound-Juguete-Ardillas-Escondidas/dp/B005VS9WO6,4.7 de 5,"43,501 calificaciones globales",2%,1%,3%,10%,84%
Fancy Pets Juguete Pelota Mediana de Tenis Bicolor para Perro con 3 Piezas,107.10,https://www.amazon.com.mx/Fancy-Pets-Juguete-Mediana-Bicolor/dp/B08259RWVT,4.5 de 5,595 calificaciones globales,3%,2%,9%,14%,72%
"Chiwava Paquete de 3 5.7"" Juguete de Latex para Perros Pequeños y Divertidos de Juego Interactivo",198.00,https://www.amazon.com.mx/Chiwava-Pulgadas-Squeaky-Interactivo-peque%C3%B1os/dp/B07VWTPTJB,4.4 de 5,"2,592 calificaciones globales",4%,3%,7%,14%,71%
Fancy Pets Cool Paleta Congelable para Perro para Usar en Repetidas Ocasiones,118.41,https://www.amazon.com.mx/Fancy-Pets-Juguete-Paleta-CONGELABLE/dp/B07VRDWYFG,4.4 de 5,109 calificaciones globales,4%,0%,11%,19%,66%
"Chuckit! DO817030 Pelota Ultra, talla grande, 1 Pieza, Colores Surtidos",199.00,https://www.amazon.com.mx/Chuckit-DO817030-Pelota-Colores-Surtidos/dp/B00280MUVM,4.8 de 5,"17,392 calificaciones globales",1%,1%,3%,9%,86%
"Multipet Deedle Dude Singing Shark Plush Dog Toy, 8-Inch, Blue",331.55,https://www.amazon.com.mx/Multipet-Deedle-Singing-Shark-8-Inch/dp/B000P278VM,4.4 de 5,"1,460 calificaciones globales",6%,3%,6%,10%,75%
"10 Piezas Juguetes de Cuerda para Perros, Juguete para Masticar, para entrenar los dientes de su cachorro, para lanzar y diversos juegos, Mantener a Su Perro Sano, Utilizado para Jugar, Limpiar Los Dientes",266.00,https://www.amazon.com.mx/Juguetes-Masticar-entrenar-cachorro-Utilizado/dp/B0B253GF5Z,N/A,N/A,0%,0%,0%,0%,0%
Juguetes de cuerda para perros pequeños y medianos – Beneficios de rescate de perros no profit – Juguetes para perros masticables para razas pequeñas y medianas – Juguetes de algodón para el aburrimiento,197.71,https://www.amazon.com.mx/Juguete-cuerda-perros-peque%C3%B1os-medianas/dp/B07QNJ4Z7H,4.7 de 5,810 calificaciones globales,2%,1%,4%,9%,85%
"Multipet International 61006 Juguete para perro, Cerdo gruñón, Modelos surtidos, 1 unidad",330.25,https://www.amazon.com.mx/Multipet-International-61006-Plush-Grunting/dp/B00GS6JH7W,4.2 de 5,"1,048 calificaciones globales",10%,4%,8%,11%,66%
"senyouth - Juguetes chirriantes para perros, paquete de 12 juguetes de peluche para perros pequeños a granel con chirriadores, paquete de juguetes masticables para cachorros para dentición, juguetes interactivos lindos y suaves de algodón para cachorros, juguete para mascotas para perros pequeños y medianos",499.99,https://www.amazon.com.mx/Senyouth-chirriantes-chirriadores-cachorros-interactivos/dp/B094FXY4HK,4.5 de 5,62 calificaciones globales,3%,3%,7%,14%,73%
Fancy Pets Juguete Hueso Triple de Bambú paraPerro Sabor Tocino Tamaño Chico,141.83,https://www.amazon.com.mx/Fancy-Pets-Juguete-Triple-paraPerro/dp/B07MJVH9L2,4.1 de 5,188 calificaciones globales,7%,6%,11%,17%,58%
"Juguete para perro Interactivo puzzle Eco-friendly Pet Tornado de ONLife, este rompecabezas para perro brida alimentación lenta a través de su distribuidor de premios en base a resolución de retos, estimula su cerebro mientras lo relaja y entretiene.",663.00,https://www.amazon.com.mx/Interactivo-Eco-friendly-rompecabezas-alimentaci%C3%B3n-distribuidor/dp/B09VFRZZYR,4.5 de 5,4 calificaciones globales,0%,0%,0%,54%,46%
Fancy Pets Juguete Mordedera de Hueso de Caucho con Huellas para Perro,27.21,https://www.amazon.com.mx/Fancy-Pets-Juguete-Mordedera-Huellas/dp/B07NWBQRG6,4.2 de 5,931 calificaciones globales,6%,6%,12%,16%,60%
"Chiwava 4PCS 2.4'' Squeak látex Juguetes para Cachorros Divertido Animal Conjuntos Mascota interactiva Jugar para pequeño Perro, Varios Colores",198.00,https://www.amazon.com.mx/Chiwava-Cachorros-Divertido-Conjuntos-interactiva/dp/B01MQFTC1R,4.5 de 5,"7,662 calificaciones globales",4%,3%,6%,11%,77%
Chiwava Paquete de 4 Juguete de látex para Perros Squeak Juegos Divertidos de Osos Marrones Juego Interactivo para Mascotas para Perros pequeños y medianos,198.00,https://www.amazon.com.mx/Chiwava-Divertidos-Marrones-Interactivo-Mascotas/dp/B093687M12,4.6 de 5,436 calificaciones globales,4%,2%,6%,10%,78%
"Novelty Place [Carga Extra Graznido Juguete de Pollo para Perros - Grande 40,64 centímetros - Caucho Amarillo Apretar Pollo Chillón de Pito - Regalo Perfecto para Mascotas o Ni?os",139.99,https://www.amazon.com.mx/Novelty-Place-AX-AY-ABHI-85498-LED-pelo/dp/B010S80FL2,3.7 de 5,"1,740 calificaciones globales",19%,7%,10%,11%,53%
"Chuckit! Ultra Ball, Anaranjado, Mediana, 2.5 pulgadas, 2 piezas",229.00,https://www.amazon.com.mx/Chuckit-Anaranjado-Mediana-pulgadas-piezas/dp/B000F4AVPA,4.8 de 5,"70,692 calificaciones globales",1%,0%,3%,6%,89%
"Nylabone Power Masticar DuraChew Antler - Juguete para Masticar para Perro, tamaño Mediano",330.51,https://www.amazon.com.mx/Nylabone-Dura-Nylon-Antler-Medium/dp/B00X591CTG,4.5 de 5,"2,469 calificaciones globales",4%,4%,6%,14%,72%
"Pet Qwerks BBQ BarkBone Dog Chew Toys for Aggressive Chewers, Made in USA",170.35,https://www.amazon.com.mx/Pet-Qwerks-BarkBone-Nylon-Chews/dp/B0781YCHT8,4.4 de 5,900 calificaciones globales,6%,3%,7%,13%,71%
"Nerf Dog Juguete de Nailon para Perro, Frisbee, Ligero, Duradero y Resistente al Agua, Ideal para Playa y Piscina, 9 Pulgadas de diámetro, para Razas Medias/Grandes, una Sola Unidad, Azul",171.83,https://www.amazon.com.mx/Nerf-Nylon-Flying-Disc-Sencillo/dp/B00EUV72OW,4.3 de 5,"1,290 calificaciones globales",3%,5%,12%,18%,61%
Nylabone Juguete masticable para Cachorros con Sabor a Carne de Vacuno pequeño/Regular – hasta 15 Libras.,171.29,https://www.amazon.com.mx/Nylabone-Juguete-masticable-Cachorros-peque%C3%B1o/dp/B01H507WPS,4.4 de 5,"8,518 calificaciones globales",3%,4%,9%,14%,70%
"Yipetor Juguetes masticables duraderos para perros, paquete de 6, bolas de goma de cuerda de algodón, indestructible, diseño convexo para cachorros pequeños, medianos y grandes, tirón de guerra, atrapar, juguete de dentición para aburrimiento, regalo",599.99,https://www.amazon.com.mx/Yipetor-duraderos-indestructible-cachorros-recolecci%C3%B3n/dp/B08GLQJ2JV,4.1 de 5,"1,562 calificaciones globales",9%,6%,12%,13%,60%
"KONG Juguete clásico Mediano para Perro, Rojo, Mediano, Paquete de 2",580.54,https://www.amazon.com.mx/KONG-Classic-Medium-Dog-Pack/dp/B072MPKF5X,4.5 de 5,"4,200 calificaciones globales",4%,2%,6%,13%,75%
"JW Pet Tough by Nature HOL-EE Roller, Assorted, Paquete Individual, Variados, Pequeño",187.35,https://www.amazon.com.mx/JW-Pet-Assorted-individual-Variados/dp/B0002DJX3A,4.5 de 5,"4,769 calificaciones globales",5%,2%,6%,12%,75%
"Fancy Pets Kit Dental con Pasta y Cepillo para Perro, Suave Sabor a Menta + Juguete Cuerda con Aro de Caucho para Perro",$125.51,https://www.amazon.com.mx/Fancy-Pets-Dental-Cepillo-Juguete/dp/B0B2PHHNGF,4.7 de 5,"3,099 calificaciones globales",1%,1%,5%,17%,76%
Outward Hound Surprise Hedgies - Juguetes para Perros - Desembala y sorprende Colecciona los 3 Juguetes para Perros Grunting Hedgies,269.04,https://www.amazon.com.mx/Outward-Hound-Surprise-Hedgies-Juguetes/dp/B088J2G6RD,4.2 de 5,443 calificaciones globales,8%,4%,10%,14%,63%
"Chew King Ball, 2 Piece Glowing Fetch Ball, Dog Ball Toys, Fits Ball Launcher",160.93,https://www.amazon.com.mx/Chew-King-Piece-Glowing-Launcher/dp/B076JLYDYP,4.6 de 5,"5,857 calificaciones globales",3%,3%,7%,12%,76%
Fancy Pets Juguete de Hilo con 3 Nudos para Perro Tamaño 56 Centímetros,184.12,https://www.amazon.com.mx/Fancypets-FL7275-Juguete-Colores-Surtidos/dp/B01522MFOO,4.7 de 5,99 calificaciones globales,3%,0%,4%,8%,86%
KONG Pelota de Caucho Extreme con Cuerda para Perro,347.62,https://www.amazon.com.mx/KONG-Pelota-Caucho-Extreme-Cuerda/dp/B08PX2MZD9,4 de 5,93 calificaciones globales,14%,6%,7%,15%,59%
KONG Tires Extreme Dog Toy,-,https://www.amazon.com.mx/KONG-Tires-color-Mediano-Grande/dp/B007B6VU3W,3 de 5,1 calificación global,0%,0%,100%,0%,0%
"HARTZ DuraPlay Ball Squeaky Latex Dog Toy, Small, 3 Pack",275.35,https://www.amazon.com.mx/HARTZ-DuraPlay-Squeaky-Latex-Small/dp/B099NV667Q,4.6 de 5,"10,715 calificaciones globales",4%,1%,5%,8%,81%
"Wolfi Set de 5 Juguetes Que suenan para Perro, Juguetes para morder, con Sonido y sin Relleno, Juguetes chirriantes (Vaca, Tigre, Zorro, Lobo, Ardilla)",479.99,https://www.amazon.com.mx/Wolfi-Juguetes-Relleno-chirriantes-Ardilla/dp/B08VV2VTBF,4.5 de 5,22 calificaciones globales,0%,8%,7%,13%,73%
"Geekipro Juguetes para Perro, Plush Dog Toy, Cocodrilo Peluche para Perro， con Sonido Al Presionar, para Perros Pequeños y Medianos",299.00,https://www.amazon.com.mx/Geekipro-Juguetes-Cocodrilo-Presionar-Peque%C3%B1os/dp/B09TF8QMSP,4.3 de 5,9 calificaciones globales,0%,15%,0%,24%,61%
"KONG Peluche Llama Mediana con Chirrido, Mediano, Morado",249.01,https://www.amazon.com.mx/KONG-Peluche-Llama-Mediana-Chirrido/dp/B08548SHM9,4.2 de 5,676 calificaciones globales,9%,5%,8%,12%,66%
"SPOT Ethical Products - Play Strong - S Bone - Juguete para Perros para masticadores agresivos, Juguete Interactivo Duradero para Perros",227.92,https://www.amazon.com.mx/Ethical-SPOT-masticadores-indestructibles-interactivo/dp/B00OGCZB5C,4.3 de 5,"2,051 calificaciones globales",8%,5%,8%,11%,68%
"AMOR Pelota de Juguete para Perros, Juguete para Limpiar los Dientes, Pelota Perro Indestructible, Goma No Tóxica Pelota Duradera, Juguetes Interactivos para Perros (Paquete de 4, 5cm)",180.00,https://www.amazon.com.mx/AMOR-Indestructible-Duradera-Juguetes-Interactivos/dp/B09VT39SFF,2.7 de 5,5 calificaciones globales,58%,0%,0%,0%,42%
"MATCHI Juguetes para Perro Pelota Interactiva Dispensadora de Premios, Textura Limpiadora de Dientes",332.00,https://www.amazon.com.mx/MATCHI-Juguetes-Interactiva-Dispensadora-Limpiadora/dp/B09MY85ZNJ,3.8 de 5,15 calificaciones globales,15%,9%,13%,10%,54%
"Multipet, Duckworth 37701, Juguete para perro, Varios Colores, 1 pieza",251.27,https://www.amazon.com.mx/Duckworth-Juguete-Perro-Amarillo-Grande/dp/B000084E7Y,4.6 de 5,"21,049 calificaciones globales",3%,3%,5%,10%,79%
"Pet Snuffle Mat para perros, Dog Puzzle Toys, Juego de alimentación interactiva para aburrimiento, Fomenta las habilidades de alimentación natural para gatos Uso en viajes de Bowl Bowl, Manta de entrenamiento para olores de perros Manta de trabajo de nariz, Verde",383.00,https://www.amazon.com.mx/alimentaci%C3%B3n-interactiva-aburrimiento-habilidades-entrenamiento/dp/B07VXVS19Q,4.6 de 5,371 calificaciones globales,2%,1%,5%,15%,76%
"Trixie Mad Scientist for Dogs, Level 2",446.76,https://www.amazon.com.mx/TRIXIE-Pet-Products-Trixie-Scientist/dp/B003TOKTEG,4.2 de 5,"8,772 calificaciones globales",6%,5%,11%,18%,61%
"AMOR Pelota de Juguete para Perros, Juguete para Limpiar los Dientes, Pelota Perro Indestructible, Goma No Tóxica Pelota Duradera, Juguetes Interactivos para Perros (Paquete de 3, 6cm) (A)",190.00,https://www.amazon.com.mx/AMOR-Indestructible-Duradera-Juguetes-Interactivos/dp/B09VT3SFL8,4.6 de 5,3 calificaciones globales,0%,0%,0%,37%,63%
Dog Casino Treat Dispensing Dog Toy Brain and Exercise Game for Dogs by Nina Ottosson,420.84,https://www.amazon.com.mx/Outward-Hound-Dispensing-Exercise-Ottosson/dp/B071ZFJ2H1,4.4 de 5,"7,659 calificaciones globales",4%,3%,9%,16%,68%
Chuckit! Medium Ultra Tug,148.50,https://www.amazon.com.mx/Chuckit-231201-Mediano-Colores-Surtidos/dp/B008APMKO6,4.6 de 5,"5,550 calificaciones globales",2%,2%,6%,12%,78%
"2 Piezas Pelota de Goma para Mascotas, Funny Toy Juguete para Perros , Dispensador de alimento para perro, Juguete Masticable para Perros pequeños / medianos / Grandes Entrenamiento,Limpieza y Cuidado de los Dientes(11CM,Verde + Azul Claro)",139.00,https://www.amazon.com.mx/Mascotas-Dispensador-alimento-Masticable-Entrenamiento/dp/B09SL5ZKQQ,3.8 de 5,4 calificaciones globales,0%,26%,0%,46%,28%
"Dispensador de Juguetes para Perro, Vagalbox Divertido e Interactivos Pelota de Juguete Interactiva para Mascotas Pequeñas y Medianas,Aumentan la Atención, Disminuyen la Velocidad de Alimentación y Promueven la Alimentación Saludable",199.00,https://www.amazon.com.mx/Dispensador-Vagalbox-Interactivos-Interactiva-Alimentaci%C3%B3n/dp/B07R44J3LC,4.4 de 5,234 calificaciones globales,3%,5%,10%,12%,70%
"Kettion Juguetes para Perros masticadores agresivos, Raza Grande, Juguete de Guerra irrompible, Duradero, para Cambiar Dientes para Perros enérgicos, medianos y Grandes (marrón)",349.00,https://www.amazon.com.mx/Kettion-masticadores-agresivos-irrompible-en%C3%A9rgicos/dp/B08XYKX2D3,3.4 de 5,13 calificaciones globales,20%,13%,9%,20%,38%
"Petstages Dental Chew Pack - 137, 139, 224, Chew Toy",193.90,https://www.amazon.com.mx/Petstages-Dental-Chew-Pack-137/dp/B005VEWAN0,4.5 de 5,"1,879 calificaciones globales",2%,2%,11%,14%,71%
"Fida Juguetes de cuerda para perros para masticadores agresivos grandes/medianos, juguete masticable de cuerda resistente, cuerda de algodón natural indestructible de 3 pies y 5 nudos, cuerda de tirón de perro para limpieza de dientes",344.10,https://www.amazon.com.mx/Fida-masticadores-agresivos-resistente-indestructible/dp/B08RYXFV76,4.5 de 5,"1,061 calificaciones globales",5%,3%,6%,12%,74%
"Rodillo Removedor de Pelo para Mascotas – AFujia Removedor de Piel de Perro y Gato con Base Autolimpiante – Herramienta Eficiente de Eliminación de Pelo Animal – Perfecto para Muebles, Sofá, Alfombra, Asiento de Coche",$269.00,https://www.amazon.com.mx/Rodillo-Removedor-Pelo-para-Mascotas/dp/B096RNQ3D4,4.2 de 5,175 calificaciones globales,5%,3%,16%,20%,56%
"YYID Comedero automático para perros, lanzador automático de bolas para perros, juguete interactivo para perros pequeños y medianos",199.00,https://www.amazon.com.mx/YYID-Comedero-autom%C3%A1tico-lanzador-interactivo/dp/B094NSKNSY,N/A,N/A,0%,0%,0%,0%,0%
"Juguetes indestructibles para perros para masticadores agresivos, juguetes indestructibles para perros, juguete de limpieza de dientes de perro, juguetes resistentes y duraderos hechos de goma natural no tóxica, ideal para perros pequeños, medianos y grandes",380.99,https://www.amazon.com.mx/indestructibles-masticadores-agresivos-resistentes-duraderos/dp/B0B59KX81V,N/A,N/A,0%,0%,0%,0%,0%
"Geekipro Juguete Masticable para Perros, Juguetes Masticables para Entrenamiento y Limpieza de Dientes, Juguetes Interactivos para Perros Pequeños y Medianos",289.00,https://www.amazon.com.mx/Geekipro-Masticable-Masticables-Entrenamiento-Interactivos/dp/B09K791Z8F,3.4 de 5,18 calificaciones globales,18%,15%,20%,8%,39%
"5 Piezas 2-8 Meses Juguetes para Masticar Cachorros, Juguetes Interactivos para Morder Perros, palitos de Goma Suaves para la dentición, Alivia La Picazón Y El Dolor, Limpieza De 360 ° (Azul)",212.00,https://www.amazon.com.mx/Juguetes-Masticar-Cachorros-Interactivos-dentici%C3%B3n/dp/B096KJKKN2,3.8 de 5,14 calificaciones globales,11%,10%,8%,28%,43%
"Chuck It Pelota Suave Indoor, Colores Surtidos",212.57,https://www.amazon.com.mx/Chuck-Pelota-Indoor-Colores-Surtidos/dp/B004T5X0N6,4.5 de 5,"16,549 calificaciones globales",5%,4%,7%,11%,74%
"SlowTon Pelota de Juguete para Perros, 2 Piezas Juguetes de Goma para Morder para Perro Pequeñas Grandes Entrenamiento, Resistente a Mordeduras No Tóxicas Duraderas Limpieza de Dientes para Mascotas",199.99,https://www.amazon.com.mx/SlowTon-Entrenamiento-Resistente-Mordeduras-Duraderas/dp/B09GYM6473,4.2 de 5,125 calificaciones globales,4%,6%,13%,16%,61%
"AXIDUN Juguetes para Perros, Pets IQ Treat Ball Pelotas de Juguetes Interactivos para Mascotas Divertido comedero para Perros con Alimentación Lenta, Alimentador Premios para Perros y Gatos",259.00,https://www.amazon.com.mx/Juguetes-Interactivos-Divertido-Alimentaci%C3%B3n-Alimentador/dp/B07ZH24R61,4.4 de 5,182 calificaciones globales,4%,6%,6%,12%,72%
"Outward Hound Nina Ottosson - Juguete Interactivo para Perro, Color Azul, pequeño",170.83,https://www.amazon.com.mx/Outward-Hound-Dispensing-Exercise-Ottosson/dp/B0719Q85G8,4.2 de 5,"4,316 calificaciones globales",5%,5%,12%,18%,60%
"Wolfi Pelotas pequeñas de Goma para Mascotas, duraderas, funcionales para Limpieza y Cuidado Dental para Mascotas, Juguete para Perro, Pelota de Goma Resistente a mordeduras.",209.99,https://www.amazon.com.mx/Wolfi-duraderas-funcionales-Resistente-mordeduras/dp/B08G3YGFB5,4.6 de 5,231 calificaciones globales,2%,1%,8%,16%,73%
"AMOR Juguetes de Cuerda para Perro, Juego de 6 Piezas de Juguetes para Masticar y de Cuerda para Perros, Juguetes Interactivos para Interior y Exterior, Durable, No Tóxico",260.00,https://www.amazon.com.mx/AMOR-Juguetes-Masticar-Interactivos-Interior/dp/B09VSX3LXR,4.5 de 5,3 calificaciones globales,0%,0%,0%,51%,49%
"Geekipro Juguete Masticable para Perros, Juguete para Perros de Huesos Indestructibles， Juguete Interactivo para Mascotas Limpieza de Dientes para Molar Chew Stick，para Perros Medianos y Grandes.",339.00,https://www.amazon.com.mx/Geekipro-Masticable-Indestructibles%EF%BC%8C-Interactivo-Stick%EF%BC%8Cpara/dp/B09P32HFY8,4.6 de 5,6 calificaciones globales,0%,0%,22%,0%,78%
"Juguete Masticable para Perro, Masticador Neumático para Cachorro Raza Pequeña Media Grande, Juguete Indestructible Limpieza Diente Caucho Natural para Mascota Sonido Squeak Olor Vainilla Interactivo",289.00,https://www.amazon.com.mx/Masticable-Masticador-Neum%C3%A1tico-Indestructible-Interactivo/dp/B09WHVNF68,4.8 de 5,6 calificaciones globales,0%,0%,0%,22%,78%
Chuckit! Sport Launcher (Colors Vary),159.98,https://www.amazon.com.mx/Chuckit-Sport-Launcher-Colors-Vary/dp/B000PKWKMQ,4.5 de 5,"9,058 calificaciones globales",4%,3%,7%,13%,74%
Outward Hound Nina Ottosson Dog Worker Green Interactive Treat Puzzle Juguete para Perro,394.05,https://www.amazon.com.mx/Outward-Hound-Dispensing-Exercise-Ottosson/dp/B0719Q89X8,4.4 de 5,"12,563 calificaciones globales",4%,5%,8%,16%,67%
"Fancy Pets Juguete Boomerang para Perro, Varios Colores",36.10,https://www.amazon.com.mx/Fancy-Pets-Juguete-Caucho-Boomerang/dp/B07NWCZH5R,3.8 de 5,287 calificaciones globales,14%,11%,11%,14%,51%
MULTIPET Plush 5.5-Inch Musical Birthday Cake Dog Toy,181.46,https://www.amazon.com.mx/Multipet-Plush-5-5-Inch-Musical-Birthday/dp/B0002ARUV0,4.5 de 5,"6,148 calificaciones globales",4%,3%,7%,10%,77%
"Nerf Dog Flyer atómico de 10 Pulgadas, Color Naranja",215.32,https://www.amazon.com.mx/Nerf-Folleto-at%C3%B3mico-Color-Naranja/dp/B072M3TF9Y,4.3 de 5,930 calificaciones globales,7%,4%,10%,13%,66%
Fancy Pets Juguete en Forma de Tronco Rellenable Congelable Cool,136.00,https://www.amazon.com.mx/Fancy-Pets-Juguete-Tronco-CONGELABLE/dp/B08FCYRC5W,4 de 5,12 calificaciones globales,0%,11%,24%,13%,51%
Outward Hound Tail Teaser - Varita Duradera para Perro con Juguetes de Peluche Suaves,349.03,https://www.amazon.com.mx/Outward-Hound-41001-Exercise-Replacement/dp/B0042I5G2I,4.3 de 5,"9,778 calificaciones globales",6%,4%,9%,13%,68%
"DYD Juguete Peluche para Perro, Juguetes para Perro, Juguete para Cachorro, Juguete Interactivo de Peluche y Cuerda Duradera para Perros Pequeños, Medianos-Burro, Perro y Oveja (3 Pack)",399.00,https://www.amazon.com.mx/DYD-Juguetes-Cachorro-Interactivo-Medianos-Burro/dp/B09PH32JV2,4.6 de 5,17 calificaciones globales,0%,0%,11%,18%,72%
"VARY Juguetes de Rompecabezas para Perros, estimulación de coeficiente Intelectual y Entrenamiento de tratos, dispensador de golosinas para Perros Inteligentes, Azul",338.90,https://www.amazon.com.mx/VARY-Rompecabezas-estimulaci%C3%B3n-Entrenamiento-Inteligentes/dp/B09Y88XSK9,4.5 de 5,8 calificaciones globales,0%,0%,16%,16%,69%
"Pacific Pups Products - apoyando a PacificPupRescue.com, juego de 18 piezas de juguetes para perros, juguetes para masticar, juguetes de cuerda, y bolas dispensadoras de golosinas para perros - Apoyamos al rescate de perros sin fines de lucro.",471.18,https://www.amazon.com.mx/Pacific-Pups-Products-PacificPupRescue-com-dispensadoras/dp/B0876PRL18,4.6 de 5,"7,190 calificaciones globales",2%,2%,7%,14%,76%
"Warner Bros Friends - Peluche Suave para Todos los Perros, Pavo, Beige",159.07,https://www.amazon.com.mx/Warner-Bros-Friends-Peluche-Perros/dp/B084SBHHNV,4.8 de 5,192 calificaciones globales,1%,0%,3%,7%,90%
"Marvel Comics for Pets Thor Hammer Rope Pull Dog Toy, 12"" | Large Dog Toy Superhero Toys from Marvel Movies Marvel Merchandise | Thor Hammer Dog Toy, Rope Dog Chew Toy from Marvel Universe",246.18,https://www.amazon.com.mx/Marvel-Comics-Superhero-Merchandise-Universe/dp/B09QD2X7WV,3.4 de 5,70 calificaciones globales,20%,16%,10%,15%,39%
"Fancypets FL7231 Bola de Hilo con Jaladera, Colores Surtidos",86.00,https://www.amazon.com.mx/Fancypets-FL7231-Jaladera-Colores-Surtidos/dp/B01522MB0C,4.6 de 5,27 calificaciones globales,0%,6%,0%,25%,69%
Spot Mini Skinneeez | Juguete para Perro sin Estufa con chirriador para Todos los Perros | Juguete de Tug-of-of-War para Razas pequeñas y Grandes | 14 Pulgadas | Diseño Mapache | por Ethical Pet,174.55,https://www.amazon.com.mx/Spot-Ethical-Skinneeez-Raccoon-Stuffingless/dp/B001B1OK26,4.2 de 5,"1,896 calificaciones globales",7%,4%,10%,18%,62%
HARTZ Angry Birds Tiny Dog Two Head Dog Toy (Colors Will Vary) - Officially Licensed by Rovio,102.40,https://www.amazon.com.mx/Hartz-Angry-Birds-Tiny-Colors/dp/B006684SEE,3.8 de 5,19 calificaciones globales,10%,0%,36%,10%,44%
"WEST PAW Zogoflex Tux Juguete Interactivo dispensador de golosinas para Perros para masticadores agresivos, 100% Resistente, Flota, Fabricado en Estados Unidos, pequeño, Agua",508.34,https://www.amazon.com.mx/West-Paw-Interactivo-dispensador-masticadores/dp/B072Z11MKD,4.4 de 5,249 calificaciones globales,6%,3%,9%,12%,69%
KONG Pelota Twistz Mediana,149.00,https://www.amazon.com.mx/KONG-JU04365-Pelota-Twistz-Mediana/dp/B08FHDQXLV,4.4 de 5,102 calificaciones globales,8%,2%,7%,14%,70%
"Kong Goodie Bone Juguete para Perro con Forma de Hueso, color Rojo, Chico",279.00,https://www.amazon.com.mx/KONG-Goodie-Juguete-Perro-peque%C3%B1o/dp/B0009YD8AG,4.6 de 5,"8,045 calificaciones globales",2%,1%,7%,11%,78%
Star Wars Peluche Storm Trooper Figura de Perro | Juguete Suave chirriante para Perro,163.30,https://www.amazon.com.mx/Star-Wars-Trooper-Figure-Squeaky/dp/B07RW7ND9Z,4.6 de 5,753 calificaciones globales,3%,3%,5%,14%,75%
"Black Dove | Set X2 Pelotas rebotadoras de goma y dispensador de croquetas para mascotas como perros y gatos. Juguete de mascota. Ideales para la higiene dental y cuidado de tu perro o gato. (Azul-Menta, Grande (7cm))",299.00,https://www.amazon.com.mx/Black-Dove-rebotadoras-dispensador-Azul-Menta/dp/B096T345Q9,4.4 de 5,185 calificaciones globales,3%,5%,9%,17%,67%
"AMOR Pelota de Juguete para Perros, Juguete para Limpiar los Dientes, Pelota Perro Indestructible, Goma No Tóxica Pelota Duradera, Juguetes Interactivos para Perros (Paquete de 2, 7cm) (C)",$180.00,https://www.amazon.com.mx/AMOR-Indestructible-Duradera-Juguetes-Interactivos/dp/B09VT58Q89,5 de 5,1 calificación global,0%,0%,0%,0%,100%
"Poste de coqueteo para perros con señuelo de juguetes resistentes para perros, extensible y duradero para perseguir, tirón de guerra, entrenamiento, juguetes resistentes para perros para razas pequeñas, medianas y grandes, color negro",424.70,https://www.amazon.com.mx/coqueteo-resistentes-extensible-perseguir-entrenamiento/dp/B0B598S69V,N/A,N/A,0%,0%,0%,0%,0%
"KONG- Pelota para Perro,Large/Medium",-,https://www.amazon.com.mx/KONG-Classic-Flyer-color-Grande/dp/B000BRTADK,N/A,N/A,0%,0%,0%,0%,0%
Juguete de Goma Comestible para perro | Juguete matatena para razas pequeñas y medianas | Roly-Poly juguete para perro | Juguete de entrenamiento | Juguete de goma para interactuar con tu mascota | Color Naranja,99.99,https://www.amazon.com.mx/Comestible-matatena-Roly-Poly-entrenamiento-interactuar/dp/B08JX3M74S,N/A,N/A,0%,0%,0%,0%,0%
"Gigwi Ball Pelota para Perro Chillona Masticable Super Resistente con Colores Llamativos Juguetes para Perro, 3 Tamaños, para Perro Chico, Mediano y Grande, Pelotas de Plastico Resistente a Mordidas Libre de BPA",169.00,https://www.amazon.com.mx/Chillona-Masticable-Resistente-Llamativos-Juguetes/dp/B0B4ZDDJN6,5 de 5,1 calificación global,0%,0%,0%,0%,100%
"Chiwava 4 Piezas 2.4"" Squeak látex Juguetes Pelota Balones Deportivos Conjuntos IR a Buscar Juguete Interactivo para Perro pequeño de Colores Surtidos",198.00,https://www.amazon.com.mx/Chiwava-Pelotas-peque%C3%B1os-medianos-interactivos/dp/B07QHW94K2,4.4 de 5,"2,440 calificaciones globales",5%,3%,7%,12%,73%
Nylabone Small Puppy Teething Dinosaur Chew Toy,154.54,https://www.amazon.com.mx/Nylabone-Small-Puppy-Teething-Dinosaur/dp/B01H5079I8,4.4 de 5,"8,955 calificaciones globales",5%,4%,10%,14%,68%
KONG Juguete para Perro/CrunchAir Balls Small (3 pzas),149.00,https://www.amazon.com.mx/KONG-Pelotas-Crunch-Chicas-Piezas/dp/B07NHMJ21Q,3.8 de 5,140 calificaciones globales,19%,5%,7%,12%,57%
"Kong Grinz Dog Treat Ball, Multicolor, Mediano",159.00,https://www.amazon.com.mx/KONG-Grinz-Treat-Multicolor-Mediano/dp/B00WG9ZE0Y,4.3 de 5,365 calificaciones globales,3%,6%,13%,17%,60%
MATCHI Juguetes para Perros ansiosos Rompecabezas Interactivo Dispensador de Comida para Perro Premios en Forma de Huellita Juguetes para Perro antiestres (Azul),343.00,https://www.amazon.com.mx/MATCHI-Rompecabezas-Interactivo-Dispensador-antiestres/dp/B09MDZ9Z7F,4.8 de 5,18 calificaciones globales,0%,0%,8%,8%,85%
"PATITAS FELICES. MÁS HUELLAS, MÁS AMOR. Juguete para Perro, Pelota para Perro DISPENSA PREMIOS CROQUETAS 7.7 CM. Pelota Resistente",131.00,https://www.amazon.com.mx/PATITAS-FELICES-M%C3%81S-HUELLAS-AMOR/dp/B098TV7TDW,5 de 5,1 calificación global,0%,0%,0%,0%,100%
"Wolfi Juguetes para morder para Perro Huesos para Masticar para Mascota de Caucho Natural, Resistente a mordeduras",279.99,https://www.amazon.com.mx/Wolfi-Juguetes-Masticar-Resistente-mordeduras/dp/B08SPSCTVT,4.3 de 5,24 calificaciones globales,6%,5%,7%,16%,65%
"Loving Pets Diner Flexible en Forma de Hueso para Perros, Ciruela",157.48,https://www.amazon.com.mx/Loving-Pets-Shaped-Diner-Small/dp/B01J5ABN0Q,4.3 de 5,"2,278 calificaciones globales",5%,3%,10%,18%,64%
"THE SMALL MOMENT Juguete para Perro para morder en Forma de mazorca de maíz para Perros mordedores, Resistente e Indestructible con función de Limpieza Dental, IQ Training e Interactivo (Amarillo)",379.00,https://www.amazon.com.mx/SMALL-MOMENT-masticadores-Resistente-cepilladora/dp/B08P9WZXMW,4.5 de 5,12 calificaciones globales,0%,0%,18%,12%,71%
Fancy Pets Juguete en Forma de Pez Rellenable Congelable Cool,129.00,https://www.amazon.com.mx/Fancy-Pets-Juguete-pez-CONGELABLE/dp/B07VP67YGZ,4.1 de 5,35 calificaciones globales,5%,10%,9%,16%,59%
Paquete 2 Huesos Flexibles Sabor Pollo Y Original Petite,124.35,https://www.amazon.com.mx/Paquete-Huesos-Flexibles-Original-Petite/dp/B0002DGKJA,4.3 de 5,"2,920 calificaciones globales",6%,4%,8%,15%,67%
"MASCRETTA Set de 3 Juguetes para Perro con diseño de Hueso. Peluches para Perro mordibles con Sonido al presionar. Juguetes chillones de Peluche para Razas Chicas, Medianas o Grandes. Squeaky Dog Toy",289.99,https://www.amazon.com.mx/MASCRETTA-Juguetes-mordibles-presionar-chillones/dp/B09J5VSTH2,N/A,N/A,0%,0%,0%,0%,0%
KONG Pelota Wavz Bunjiball Mediana,214.50,https://www.amazon.com.mx/KONG-Pelota-Mediana-Cuerda-El%C3%A1stica/dp/B086MFRMGQ,4.2 de 5,27 calificaciones globales,0%,7%,27%,5%,61%
KONG Juguete para Perro/Balón Flexible Mediano/Grande,345.00,https://www.amazon.com.mx/KONG-Juguete-Flexible-Mediano-Grande/dp/B082VLKQD8,4.4 de 5,"1,204 calificaciones globales",6%,3%,6%,12%,73%
MASCRETTA Juguetes para Perro con diseño Suave y Llamativo. Peluche para Perro mordible con Sonido al presionar. Juguetes para Mascotas. Juguetes para Perro Grande o Mediano. Dog Plush Toy (Pato),299.99,https://www.amazon.com.mx/MASCRETTA-Juguetes-Llamativo-presionar-Mascotas/dp/B08WCNL5T2,4.5 de 5,123 calificaciones globales,3%,5%,6%,7%,78%
"GoDog Dragons con tecnología de protección para masticar, Coral, Pequeño",277.97,https://www.amazon.com.mx/goDog-Dragons-tecnolog%C3%ADa-protecci%C3%B3n-masticar/dp/B0035XUBKI,4.6 de 5,167 calificaciones globales,3%,2%,8%,10%,77%
"Rmolitty Juguetes para perros chirriantes para masticadores agresivos, indestructibles y duraderos juguetes para masticar la dentición del perro, con sabor a tocino real, huesos para perros medianos y grandes, nailon natural no tóxico (bacon)",337.77,https://www.amazon.com.mx/Rmolitty-chirriantes-masticadores-agresivos-indestructibles/dp/B09GY7CFG2,4.2 de 5,376 calificaciones globales,8%,6%,9%,16%,61%
"<25 agujeros> Smart Paws - Rompecabezas interactivo para mascotas, alimentador lento para perros de nivel 3, alimentador de rompecabezas para perros, juguete de conejo",326.59,https://www.amazon.com.mx/agujeros-Smart-Paws-Rompecabezas-rompecabezas/dp/B09CTBCNCG,4.4 de 5,549 calificaciones globales,4%,5%,9%,18%,65%
Fancy Pets Bola de Cuerda Tejida para Perro con 8 Centímetros de Diámetro Varios Colores,68.80,https://www.amazon.com.mx/Cuerda-Tejida-Cent%C3%ADmetros-Di%C3%A1metro-Colores/dp/B01522MCZQ,4.6 de 5,49 calificaciones globales,0%,8%,5%,7%,80%
"Fancy Pets Doggie Grass Chico de Entrenamiento para Perro + Juguete en Forma de Hueso de Caucho para Perro, Varios Colores",$725.21,https://www.amazon.com.mx/Fancy-Pets-Entrenamiento-Juguete-Colores/dp/B09XVYLCJD,4.4 de 5,"5,780 calificaciones globales",4%,2%,8%,17%,69%
"Juguete para perros con ventosa para masticadores agresivos, rompecabezas interactivos, juguetes de guerra para perros pequeños, medianos y grandes, multifuncionales, juguetes de cuerda de bola con limpieza de dientes y dispensación de alimentos",221.84,https://www.amazon.com.mx/masticadores-rompecabezas-interactivos-multifuncionales-dispensaci%C3%B3n/dp/B09FJQKCHS,2.2 de 5,14 calificaciones globales,58%,10%,11%,0%,21%
"SPOWAY Juguetes para Perros,Juguetes Interactivos para Perros al Aire Libre de Fútbol Multifuncional,Adecuados para Agua,Hierba,Playa,Parque Infantil",329.00,https://www.amazon.com.mx/SPOWAY-Juguetes-Interactivos-Multifuncional-Adecuados/dp/B0B12VV497,N/A,N/A,0%,0%,0%,0%,0%
"HEEPDD Juguete del tirón de la mordedura del Perro, Almohada Durable de la mordedura del Juguete del tirón del Perro del Yute con Dos manijas",417.00,https://www.amazon.com.mx/HEEPDD-Juguete-mordedura-Almohada-Durable/dp/B07TCHFVV9,4.3 de 5,20 calificaciones globales,6%,0%,11%,22%,62%
2 Piezas Juguete para Perro EN Forma DE Pelota con Cuerda Juguete Resistente,227.00,https://www.amazon.com.mx/Piezas-Juguete-Pelota-Cuerda-Resistente/dp/B09YFH77NF,N/A,N/A,0%,0%,0%,0%,0%
"PATITAS FELICES. MÁS HUELLAS, MÁS AMOR. : 2 Piezas Pelota DISPENSA PREMIOS CROQUETAS para Perro 1 Juguete para Perro Hueso con Superficie Dentada Juguete Resistente MORDER",189.00,https://www.amazon.com.mx/PATITAS-FELICES-M%C3%81S-HUELLAS-AMOR/dp/B0B1TR9RMM,N/A,N/A,0%,0%,0%,0%,0%
"Friday the 13th Warner Bros. Películas de Terror Jason Voorhees Figura de Peluche para Perros | Juguete Mediano para Perros de la colección | Juguete chirriante para Perros de Halloween, 9 Pulgadas",236.14,https://www.amazon.com.mx/Friday-13th-Pel%C3%ADculas-colecci%C3%B3n-chirriante/dp/B09CQFWM9V,5 de 5,3 calificaciones globales,0%,0%,0%,0%,100%
"ZJchao 9.5""Pelota De Tenis Grande para Mascotas Juguete Mega Jumbo Perros De Juego DiversióN Deportes Al Aire Libre Cricket De Playa",482.00,https://www.amazon.com.mx/ZJchao-Mascotas-Juguete-Diversi%C3%B3N-Deportes/dp/B01D4EM4KW,3.4 de 5,290 calificaciones globales,27%,7%,10%,9%,46%
Kong juguete Interactivo clasico para cachorro rosa/azul mediano,209.00,https://www.amazon.com.mx/juguete-Interactivo-clasico-cachorro-mediano/dp/B0002AR182,4.7 de 5,"13,804 calificaciones globales",1%,1%,7%,10%,80%
3 Piezas Juguete para Perro EN Forma DE Pelota con Sonido Juguete Resistente DE 8.5 CM,292.00,https://www.amazon.com.mx/Piezas-Juguete-Pelota-Sonido-Resistente/dp/B09YZY54QS,N/A,N/A,0%,0%,0%,0%,0%
